id,operation,budget,rooms
2000,compra,322646599.2322801,4
2001,compra,259136193.6549683,3
2002,arriendo,213005.83422240353,2
2003,arriendo,270695.41634347255,1
2004,compra,332367094.80483097,3
2005,arriendo,279606.2079067251,1
2006,compra,478786273.4091105,2
2007,arriendo,619958.4959258093,2
2008,compra,463192248.7695633,3
2009,arriendo,791521.2937999318,2
2010,compra,202308918.2574399,2
2011,compra,111885597.03199033,3
2012,compra,398965791.817065,3
2013,compra,2976950.3985534906,2
2014,compra,522187192.0803678,2
2015,compra,313452609.6974208,3
2016,compra,320261198.17074466,1
2017,compra,242769244.6724875,4
2018,compra,285674708.2654115,1
2019,arriendo,99114.68890918884,1
2020,arriendo,992283.7897763457,1
2021,compra,202112106.91392076,2
2022,arriendo,640851.5474118624,3
2023,compra,401639724.5981232,3
2024,arriendo,709853.7201183493,2
2025,compra,23847699.8724899,1
2026,arriendo,375244.8450580891,3
2027,arriendo,409153.2071806253,1
2028,arriendo,740426.5971083462,1
2029,arriendo,946404.1774706749,2
2030,compra,274257228.3763706,1
2031,arriendo,994458.8570805889,1
2032,arriendo,578065.4013690343,2
2033,compra,191505828.3916045,3
2034,arriendo,740817.2555689149,1
2035,arriendo,470924.3409200581,1
2036,arriendo,28100.76324793545,3
2037,compra,285285292.12137395,2
2038,arriendo,791930.367523449,1
2039,compra,326684957.99302113,1
2040,arriendo,342639.81149684935,2
2041,arriendo,278555.42431569606,2
2042,compra,114164742.7991354,1
2043,compra,68330428.18605137,3
2044,arriendo,421541.89654242364,1
2045,arriendo,584692.6778451386,1
2046,arriendo,430290.0150661515,2
2047,compra,50617994.24497074,4
2048,arriendo,703465.1997651022,3
2049,compra,393097889.99413526,1
2050,arriendo,285710.43114272936,4
2051,compra,195986936.5816642,3
2052,arriendo,177091.2194469981,2
2053,arriendo,784373.5134059277,4
2054,compra,261444995.1216331,0
2055,compra,381196458.60996675,1
2056,compra,254489756.30131072,2
2057,arriendo,898825.8266660962,1
2058,compra,110533171.57771257,1
2059,compra,355026995.3788544,2
2060,compra,613566582.100676,2
2061,compra,336948301.4548331,1
2062,arriendo,709550.1330115207,1
2063,compra,132308434.85236603,1
2064,compra,253186124.0994527,2
2065,compra,81200783.42286855,2
2066,compra,158068904.10365608,3
2067,arriendo,293497.58630769857,1
2068,compra,261465876.8622594,3
2069,arriendo,804893.8837341678,2
2070,compra,365094885.1365793,4
2071,compra,329907127.3685206,3
2072,arriendo,833725.7586211939,2
2073,arriendo,546591.0586091783,1
2074,arriendo,576332.5490719819,1
2075,arriendo,216269.5070120787,2
2076,compra,160263295.58231,0
2077,arriendo,-346533.6278206133,2
2078,arriendo,211395.6898524912,2
2079,compra,144364095.34812957,2
2080,arriendo,424109.289034581,1
2081,compra,191625314.69525123,1
2082,arriendo,489174.4445253653,2
2083,arriendo,1281912.4766213133,1
2084,arriendo,952845.8395435316,2
2085,compra,23707188.093316615,3
2086,compra,70914562.58030817,3
2087,compra,204208923.5917098,1
2088,compra,119946387.55573325,2
2089,compra,85602982.07360663,3
2090,compra,358016285.61022735,3
2091,compra,153370080.71126148,1
2092,compra,143170387.2640702,4
2093,compra,548460010.4443583,1
2094,arriendo,638756.0140351009,2
2095,compra,391552988.7208673,1
2096,arriendo,798300.7941510635,2
2097,arriendo,797369.00703144,1
2098,arriendo,116759.97549527528,1
2099,arriendo,-71080.577373059,1
2100,arriendo,928488.3269593663,1
2101,arriendo,713186.267711926,1
2102,compra,193953705.53057995,4
2103,arriendo,489916.7388819417,1
2104,compra,262826894.77355808,2
2105,arriendo,872892.3477551374,1
2106,compra,261081216.4217968,1
2107,compra,306499282.9460105,2
2108,compra,415056680.7094039,3
2109,compra,386346372.61223125,4
2110,compra,55997996.62255436,5
2111,compra,159196994.4604024,3
2112,compra,-223225828.88582635,3
2113,arriendo,1263834.718203941,1
2114,compra,348328230.1366352,3
2115,compra,106399752.96619627,3
2116,arriendo,163419.44373089477,3
2117,compra,499794839.4285608,2
2118,arriendo,382045.60195989907,2
2119,compra,248400832.674547,1
2120,arriendo,765498.1989326273,1
2121,arriendo,242257.84468150738,1
2122,compra,117324367.8680131,1
2123,compra,358188910.28631914,1
2124,compra,215973890.66019654,1
2125,arriendo,331219.39893037593,2
2126,compra,417929391.73318994,2
2127,compra,605737812.5443423,2
2128,compra,141399524.37935326,2
2129,arriendo,552536.4328641782,1
2130,arriendo,863330.8971420911,1
2131,compra,478659242.1827363,2
2132,arriendo,473976.95347351476,2
2133,arriendo,901320.120286207,2
2134,compra,268911704.9900975,1
2135,arriendo,150322.36818857823,1
2136,compra,80250295.13223833,5
2137,compra,405054741.20651495,2
2138,arriendo,328706.99718197394,2
2139,arriendo,929629.68612281,1
2140,arriendo,907012.0257484759,1
2141,arriendo,764427.1370637914,1
2142,compra,151391008.79485983,5
2143,arriendo,706589.2652463168,1
2144,compra,138434018.778844,1
2145,compra,617471597.4908926,1
2146,compra,-77976241.17513692,2
2147,arriendo,733850.3114563916,1
2148,compra,329343221.1131659,2
2149,arriendo,577419.9973289302,2
2150,arriendo,360972.3690160732,2
2151,arriendo,885904.1901246562,2
2152,arriendo,687263.9740200768,1
2153,arriendo,994752.1163890664,1
2154,arriendo,811802.2798818467,1
2155,arriendo,1125865.41080371,2
2156,compra,37946657.14093217,2
2157,arriendo,321709.3605654143,2
2158,compra,381823256.6827005,2
2159,compra,347110626.1299961,3
2160,arriendo,-213006.6274912114,1
2161,compra,180558178.0406602,5
2162,arriendo,522975.06467579596,1
2163,compra,407132208.7277924,2
2164,arriendo,595134.8232390541,2
2165,arriendo,734696.3199449998,3
2166,compra,65293751.21966609,1
2167,compra,475959253.5261756,2
2168,compra,227136374.55318916,2
2169,compra,-43180249.06593305,4
2170,arriendo,742019.7552105822,3
2171,compra,63134103.50486323,3
2172,arriendo,390183.1914521512,1
2173,compra,121013457.5227623,4
2174,compra,285301931.6410391,1
2175,arriendo,807331.2245851278,3
2176,compra,335517755.2875236,2
2177,arriendo,893721.0838476649,2
2178,compra,87257915.67924732,4
2179,arriendo,193804.48895731795,1
2180,compra,262785259.00325522,1
2181,arriendo,523012.91337002284,2
2182,arriendo,872080.1772476553,2
2183,arriendo,508631.39120043267,2
2184,arriendo,636159.4428503659,2
2185,compra,-63817810.13801324,3
2186,arriendo,538177.9900037227,1
2187,arriendo,238031.0747520122,2
2188,arriendo,551208.3019070929,2
2189,compra,171909317.43501353,1
2190,arriendo,1260760.058288713,1
2191,compra,-7587952.740265191,1
2192,compra,138827524.63985115,2
2193,arriendo,597190.0336681728,3
2194,arriendo,521856.6722759717,1
2195,compra,156552620.3665865,3
2196,arriendo,1088305.2532046018,4
2197,arriendo,408763.20607864746,2
2198,arriendo,800412.398938308,2
2199,compra,215593118.8454252,1
2200,arriendo,592722.6286411944,1
2201,arriendo,745760.5277356256,2
2202,arriendo,707627.9335105651,1
2203,arriendo,228254.88367232558,2
2204,arriendo,488409.93268289603,2
2205,arriendo,460471.8650282529,1
2206,arriendo,866975.1185248991,2
2207,arriendo,445271.9200812121,1
2208,compra,306403909.05014235,3
2209,arriendo,916097.3246139822,1
2210,compra,362603311.9556751,2
2211,compra,72013416.33787954,2
2212,compra,79508063.71542066,1
2213,arriendo,722169.0892455579,2
2214,arriendo,591593.2836448111,1
2215,compra,132884138.64241885,2
2216,arriendo,535971.8372698487,2
2217,arriendo,1064646.193985119,2
2218,arriendo,775910.2817924627,1
2219,arriendo,1254091.4653418618,5
2220,arriendo,1014608.9899051464,2
2221,compra,124414887.89227696,1
2222,arriendo,294150.398367155,4
2223,arriendo,-152280.16853151435,2
2224,arriendo,-32795.2931677826,1
2225,compra,99556569.03466544,2
2226,arriendo,502729.324518724,3
2227,arriendo,329202.0334700334,1
2228,compra,273697548.0786781,1
2229,arriendo,668911.0597388879,1
2230,arriendo,851701.3574896203,2
2231,arriendo,331665.22497518983,2
2232,compra,41087883.174899966,2
2233,compra,307983940.1105105,1
2234,compra,311442433.92458737,3
2235,compra,150073836.07533544,3
2236,arriendo,1204101.1498621777,1
2237,arriendo,267894.5763797549,1
2238,arriendo,683243.8128399183,2
2239,arriendo,-143003.34004648076,3
2240,compra,296770521.93754774,1
2241,arriendo,744729.0728754615,1
2242,compra,321367552.30455494,3
2243,compra,134657812.9260221,2
2244,arriendo,808796.4047613596,3
2245,compra,273924828.04426956,1
2246,compra,-19893010.480185002,1
2247,compra,-1562942.7020708025,2
2248,arriendo,497184.8964815963,3
2249,arriendo,743522.1473997718,2
2250,compra,387459612.1446642,4
2251,compra,106794441.01088755,1
2252,compra,166933085.629446,6
2253,arriendo,989823.5064985803,2
2254,compra,423510643.0292908,2
2255,compra,-19991843.934492737,3
2256,arriendo,498143.34206020937,2
2257,compra,10173182.264106393,2
2258,arriendo,314315.85146649077,2
2259,compra,164746438.23758766,2
2260,arriendo,603105.9475129625,1
2261,arriendo,274542.64570376533,0
2262,arriendo,955951.9533124482,2
2263,compra,234902330.8457968,1
2264,compra,138509711.16538107,2
2265,compra,422721327.4449091,1
2266,compra,38839715.58009902,4
2267,arriendo,602568.2131036454,2
2268,compra,328496824.03255206,2
2269,arriendo,160939.908839653,2
2270,compra,76787679.24503937,2
2271,compra,478648106.0562482,1
2272,compra,243500242.22941655,2
2273,compra,65978999.68444833,5
2274,compra,294881744.9925765,3
2275,compra,37208151.83863646,2
2276,arriendo,291939.9448571105,5
2277,compra,262937934.39324865,1
2278,arriendo,811835.6391810142,1
2279,arriendo,770017.240313622,2
2280,arriendo,1109433.24297661,2
2281,arriendo,360490.70291425637,2
2282,compra,149941889.99213725,1
2283,arriendo,581797.7134843842,1
2284,arriendo,409170.665906369,2
2285,compra,263847074.88227236,2
2286,compra,114665759.43038802,1
2287,compra,317462826.63335377,4
2288,compra,499883532.94825226,3
2289,compra,274727631.9540059,2
2290,arriendo,546580.7448756368,1
2291,arriendo,543487.4186776868,1
2292,compra,129838247.73866813,2
2293,arriendo,293580.41385051224,1
2294,arriendo,754813.1097378519,1
2295,arriendo,191870.6484111721,1
2296,compra,157723158.3606134,1
2297,arriendo,358056.2488974278,1
2298,compra,-6751900.030506492,2
2299,compra,250342850.70898438,2
2300,compra,182450957.0100284,4
2301,compra,169466138.1087467,1
2302,compra,252793033.61417183,1
2303,arriendo,631905.3357459222,1
2304,arriendo,317728.57979416486,2
2305,compra,326789091.3733757,3
2306,arriendo,314975.62855303945,1
2307,arriendo,726564.9645300382,1
2308,arriendo,669314.9984605294,1
2309,arriendo,1001843.8945139693,2
2310,arriendo,310607.43397882674,2
2311,arriendo,820997.0207490614,1
2312,arriendo,113260.2119628602,2
2313,arriendo,820287.127152527,1
2314,arriendo,702669.0190865601,1
2315,arriendo,636758.5223709,2
2316,compra,375214717.05653834,3
2317,compra,471501323.5624456,4
2318,arriendo,734361.7457866895,3
2319,compra,219732886.60302988,3
2320,arriendo,697500.1982415633,3
2321,arriendo,965353.710323351,2
2322,compra,-3100931.457380593,2
2323,arriendo,761692.8225161677,5
2324,arriendo,74655.06758892623,4
2325,compra,279122047.11404616,4
2326,arriendo,794658.1302274754,2
2327,arriendo,716431.5077759193,2
2328,compra,246935103.0589656,3
2329,arriendo,197189.1015344219,1
2330,arriendo,832828.460642061,2
2331,compra,361552288.07197464,2
2332,compra,-93279507.5655759,2
2333,arriendo,1119390.0463111447,2
2334,compra,220363366.69276223,4
2335,arriendo,380027.79965846066,2
2336,compra,325714854.0486332,3
2337,arriendo,438284.08265320456,2
2338,compra,57939961.944132835,4
2339,arriendo,-48731.61839499511,3
2340,arriendo,857267.6088906035,2
2341,compra,-65724399.05393821,3
2342,arriendo,292210.8413588234,1
2343,arriendo,628743.3433054466,1
2344,arriendo,5016.404710344505,1
2345,arriendo,887580.4998818169,2
2346,compra,85539939.33677094,3
2347,arriendo,897491.5722710406,2
2348,arriendo,780687.7000944923,1
2349,arriendo,715065.8297553938,2
2350,compra,260357125.40031165,0
2351,arriendo,589659.6208101215,1
2352,compra,32960493.980818003,2
2353,arriendo,1026282.9453753483,2
2354,arriendo,871155.967267544,1
2355,arriendo,419790.76765736495,1
2356,compra,284263178.2560333,1
2357,compra,171643102.95357418,4
2358,arriendo,227660.35664147994,1
2359,arriendo,63870.933725235926,2
2360,compra,369344881.1619295,3
2361,arriendo,628961.5121072528,2
2362,arriendo,144450.18284247047,2
2363,arriendo,707630.5653081245,1
2364,arriendo,-666380.6372886386,2
2365,arriendo,-74402.67388304998,1
2366,compra,171614300.49112898,1
2367,compra,400458919.5989171,2
2368,compra,494515843.62365264,1
2369,arriendo,927093.2174109176,2
2370,compra,72767690.80289859,1
2371,compra,75905250.65975621,3
2372,arriendo,650870.031557765,2
2373,arriendo,820202.537491044,1
2374,compra,448462066.49772394,2
2375,arriendo,588560.62152802,1
2376,arriendo,162850.5356748175,3
2377,arriendo,1148511.464864139,2
2378,arriendo,581037.836877503,2
2379,compra,123398333.50405276,3
2380,arriendo,502918.30829054257,1
2381,compra,312373382.94842994,3
2382,compra,-9729455.956134796,1
2383,compra,163519066.17801097,1
2384,compra,-5623207.942167282,1
2385,compra,69119322.22447759,3
2386,arriendo,897123.719692053,3
2387,compra,145928141.75788736,2
2388,compra,331328999.0623674,2
2389,compra,265972632.62905926,3
2390,compra,310089318.9293251,3
2391,arriendo,93094.83668387466,2
2392,arriendo,1139135.5397367962,0
2393,arriendo,429646.9236609859,2
2394,arriendo,306176.13556105766,1
2395,compra,230475137.33082086,1
2396,compra,159731544.23325714,1
2397,compra,198974952.9668044,2
2398,arriendo,1043519.7118410189,1
2399,compra,3443296.2408334017,2
2400,compra,43775264.440796316,1
2401,arriendo,-23152.22715388378,1
2402,compra,212967658.85547978,1
2403,compra,229985076.16734907,2
2404,arriendo,271173.51900668757,2
2405,arriendo,675077.7492418715,1
2406,compra,263189887.81165132,2
2407,compra,185650601.61595717,2
2408,compra,358929001.8760407,8
2409,compra,68517354.9334253,4
2410,compra,54815224.73344201,3
2411,arriendo,433592.9982818435,3
2412,arriendo,422376.2252742328,1
2413,compra,290311770.0063704,1
2414,arriendo,736106.4834149289,1
2415,compra,265386796.59116754,2
2416,arriendo,163551.54936283763,1
2417,arriendo,592852.4559405225,1
2418,arriendo,278108.72475775843,1
2419,compra,505843498.34547675,2
2420,compra,222319995.74429232,2
2421,compra,274167674.77257,2
2422,arriendo,512856.357984618,1
2423,compra,239781689.6457197,1
2424,compra,248576586.93578166,3
2425,compra,420884528.6141118,1
2426,compra,308844701.6390363,3
2427,arriendo,-232596.31096345116,2
2428,arriendo,892849.5689111007,1
2429,arriendo,730225.9071458867,1
2430,arriendo,189571.32789933064,1
2431,compra,165078850.10827887,1
2432,arriendo,542286.3641959738,1
2433,arriendo,490579.73519254563,1
2434,compra,128284673.10352781,2
2435,compra,-17598593.48736778,2
2436,arriendo,1005745.099840574,1
2437,compra,198003236.99998263,3
2438,compra,435416188.7446537,2
2439,arriendo,149349.68159760744,1
2440,arriendo,347527.36296615517,2
2441,compra,176011629.62501672,3
2442,compra,-37023053.3025018,1
2443,arriendo,860278.4615504023,1
2444,arriendo,551470.3302100068,2
2445,compra,222701320.9364032,1
2446,compra,46756978.02352142,3
2447,compra,267800655.06712428,2
2448,compra,466851791.85574555,2
2449,compra,235532914.96558955,2
2450,arriendo,-51278.91386288998,2
2451,compra,486829572.72991794,5
2452,arriendo,504925.01146655297,2
2453,compra,597288271.5832678,3
2454,arriendo,149687.66024704295,4
2455,compra,95584766.56666303,1
2456,arriendo,327348.27530314936,2
2457,arriendo,1249749.9935808838,1
2458,arriendo,255712.75943324657,2
2459,arriendo,382026.4012420651,1
2460,arriendo,352660.2987129635,1
2461,compra,144994820.8634407,2
2462,arriendo,756450.5305202238,1
2463,arriendo,824501.1891631362,1
2464,compra,250634300.27696767,2
2465,compra,375313823.38328457,4
2466,compra,300523140.32670295,1
2467,arriendo,375781.16566573095,1
2468,arriendo,436178.10211713094,2
2469,arriendo,746643.0780071935,3
2470,arriendo,-12525.783036679262,1
2471,arriendo,891829.8259023796,3
2472,compra,229029241.40105066,1
2473,compra,486212964.86360097,2
2474,compra,259387142.69184324,1
2475,compra,133438057.77601309,2
2476,compra,-62127790.24077767,2
2477,compra,148187160.50590706,2
2478,compra,353229933.2329314,2
2479,compra,511749876.3119279,2
2480,compra,82998235.77759373,3
2481,compra,552562240.2152088,4
2482,arriendo,493178.6525122953,2
2483,arriendo,1410585.8871102545,1
2484,compra,406908547.89303124,2
2485,compra,176558196.51594228,3
2486,arriendo,1122256.623092229,2
2487,arriendo,-49341.03150415304,1
2488,compra,302442433.7051987,1
2489,arriendo,325492.5417055978,2
2490,compra,257805271.90813646,3
2491,compra,194261294.37723085,1
2492,arriendo,712633.7821207079,2
2493,compra,116969620.86655445,5
2494,compra,379812738.8767841,2
2495,compra,191490783.81595886,4
2496,arriendo,190899.43587565073,1
2497,arriendo,276342.06922769506,3
2498,arriendo,428898.7990591978,1
2499,arriendo,672871.8266794175,1
2500,compra,419084536.7826761,1
2501,arriendo,478922.2026214015,2
2502,compra,690064205.8441887,5
2503,arriendo,349703.55593650485,3
2504,arriendo,567156.5822767883,1
2505,compra,489228923.8421948,1
2506,arriendo,475367.3557815983,7
2507,compra,212022628.22070006,2
2508,arriendo,565025.9294199084,1
2509,compra,290408291.817854,2
2510,arriendo,106092.18077477772,2
2511,arriendo,742977.3320387651,2
2512,arriendo,545239.7386305255,2
2513,arriendo,342788.79647370154,2
2514,compra,-16029015.154007256,1
2515,compra,480646917.1921869,3
2516,compra,255436709.1261105,1
2517,arriendo,164888.07523883617,2
2518,arriendo,705391.4818781058,2
2519,arriendo,376252.1749620105,1
2520,compra,232170163.13845563,1
2521,compra,169731869.89825207,4
2522,compra,278132646.733359,1
2523,arriendo,426019.9903754052,2
2524,compra,23976219.9746525,2
2525,compra,314702324.10442907,2
2526,compra,254763106.37650895,4
2527,compra,135973430.66066068,2
2528,compra,231542569.3795248,3
2529,compra,279811129.2472433,1
2530,compra,458717345.17178583,1
2531,compra,293367387.4702604,3
2532,compra,228459357.87698007,2
2533,arriendo,553928.4074450651,1
2534,arriendo,1026532.9078837533,2
2535,compra,249333776.50447464,1
2536,arriendo,68000.40073044499,2
2537,compra,369429961.389461,1
2538,arriendo,305785.11042805365,2
2539,compra,338603207.7315142,2
2540,compra,136795093.28568858,3
2541,arriendo,645049.8589159009,1
2542,compra,225977701.93127534,2
2543,arriendo,703322.6079238148,3
2544,arriendo,888452.1474916241,2
2545,arriendo,347597.97086125007,4
2546,arriendo,425535.5815040472,2
2547,compra,216542173.67090932,1
2548,compra,372649526.6527457,1
2549,arriendo,42211.07788792573,1
2550,compra,63076986.938918054,2
2551,compra,198987033.97754693,2
2552,compra,412508710.1350484,1
2553,arriendo,447822.64030959824,2
2554,arriendo,965894.5411592692,1
2555,arriendo,259220.59582585143,2
2556,arriendo,276025.4668697216,1
2557,arriendo,93622.75281727075,2
2558,compra,275110645.2530241,2
2559,compra,175621589.68509904,1
2560,compra,215410491.29245806,4
2561,compra,289537529.57472754,4
2562,arriendo,328584.3676832188,1
2563,compra,176471033.60198635,4
2564,arriendo,638033.9409660393,1
2565,arriendo,953888.5360584556,2
2566,compra,275846676.5598411,2
2567,compra,363313142.75577044,1
2568,arriendo,380688.61780331616,2
2569,arriendo,802942.9209800314,1
2570,arriendo,607460.9721474617,1
2571,arriendo,804705.0439511911,3
2572,arriendo,776126.3867173707,1
2573,compra,63483266.34077689,2
2574,compra,66353055.02793726,1
2575,compra,477757562.1349006,1
2576,arriendo,816418.7708717554,3
2577,arriendo,710081.2066176571,1
2578,compra,354952542.01543486,3
2579,compra,82930992.36792135,1
2580,compra,457016954.1749282,2
2581,compra,220747597.58525825,2
2582,arriendo,552348.1841257028,3
2583,compra,27260167.03231153,4
2584,compra,218970233.82763883,1
2585,compra,267865213.74590185,3
2586,compra,156661520.64078006,2
2587,compra,98184018.36526223,4
2588,compra,-192045536.18116426,1
2589,arriendo,495267.62988557405,1
2590,arriendo,207219.97490845807,1
2591,compra,256227839.24645984,2
2592,arriendo,272937.1171725284,2
2593,compra,464472738.7283868,4
2594,arriendo,538285.8419681397,1
2595,arriendo,729247.316834213,1
2596,compra,318306148.99190545,1
2597,arriendo,461045.2534159862,1
2598,arriendo,347457.9381699939,1
2599,arriendo,405743.39507692796,1
2600,arriendo,350485.5254713929,2
2601,arriendo,387928.7838721904,1
2602,arriendo,432387.40756933996,2
2603,compra,364678749.5336744,2
2604,compra,261356337.25064436,3
2605,compra,118641740.54880472,3
2606,compra,436337247.97236365,5
2607,arriendo,879651.0985863646,1
2608,compra,385333335.5271261,4
2609,compra,89872091.78015189,2
2610,arriendo,484479.2336458108,2
2611,compra,116863658.39176531,1
2612,arriendo,935362.554045677,1
2613,compra,241318015.26901078,2
2614,compra,206450933.19949684,3
2615,arriendo,471191.4296066417,1
2616,compra,42759964.541092396,2
2617,compra,272726973.954307,3
2618,compra,70978746.78456941,2
2619,compra,4831521.225754142,3
2620,compra,86104042.6356028,2
2621,compra,242662184.79076028,4
2622,arriendo,467322.1766752179,2
2623,arriendo,1247457.1222717855,3
2624,arriendo,1170287.156227772,2
2625,arriendo,406546.819248314,1
2626,arriendo,668205.6166607162,2
2627,compra,312750635.15495276,3
2628,compra,298962628.83685374,1
2629,compra,155446354.74337536,3
2630,arriendo,455073.4770610274,1
2631,arriendo,701225.3048809161,2
2632,arriendo,674096.3980447202,1
2633,compra,123347953.19230258,2
2634,arriendo,789412.71294548,3
2635,compra,403546448.4626357,2
2636,arriendo,297922.8119221823,1
2637,compra,182879370.88957465,3
2638,compra,181412172.35055345,3
2639,compra,422020715.378423,2
2640,arriendo,640009.0539256353,1
2641,compra,110998525.34927641,3
2642,arriendo,-59658.51206316345,1
2643,compra,-202255984.75921136,3
2644,compra,332106921.32748866,2
2645,compra,44465750.26500344,2
2646,compra,286092809.58612394,2
2647,compra,81950976.73072046,1
2648,compra,198068272.64239556,2
2649,compra,369522605.68349594,2
2650,arriendo,149577.7736072212,1
2651,arriendo,564154.2958596072,3
2652,compra,206875912.23301706,3
2653,compra,131073908.13499273,1
2654,arriendo,513218.07199332386,2
2655,arriendo,182497.87613171613,1
2656,arriendo,464253.04683889577,2
2657,compra,117103508.86737572,2
2658,compra,349666651.9162798,2
2659,arriendo,550903.352994786,2
2660,compra,246433859.09757078,2
2661,compra,295703583.2926045,2
2662,compra,302036509.63088214,2
2663,arriendo,778686.2502078395,3
2664,compra,240054000.44267347,1
2665,compra,296791404.17143404,3
2666,compra,145503212.17641085,1
2667,compra,373029374.0240547,3
2668,compra,88430097.66836533,1
2669,compra,160364024.2808747,3
2670,compra,306748879.94255465,2
2671,compra,392588461.6523551,1
2672,arriendo,465092.8370265674,2
2673,arriendo,395619.56761315314,1
2674,arriendo,424949.5757964918,2
2675,compra,65553322.76080373,2
2676,arriendo,765762.7088765891,2
2677,compra,406008838.79120433,3
2678,arriendo,657889.3478367522,1
2679,arriendo,987912.4632326036,1
2680,compra,138073701.95497024,1
2681,compra,292733122.66666937,2
2682,arriendo,639202.8309594968,1
2683,arriendo,463816.51446136885,2
2684,arriendo,781734.9668794093,1
2685,arriendo,1227161.486045799,1
2686,compra,387749488.6811363,1
2687,arriendo,601100.2487449343,1
2688,compra,262017106.42353204,2
2689,compra,392628554.2044271,2
2690,arriendo,537971.6731151529,1
2691,arriendo,110194.87855044386,2
2692,compra,326448067.3694592,1
2693,arriendo,1499287.4409994949,1
2694,arriendo,102841.9456178667,2
2695,arriendo,140239.40922707086,1
2696,arriendo,507642.1500411468,2
2697,arriendo,294613.7129740539,2
2698,arriendo,423009.0101697869,1
2699,compra,267006119.31735286,1
2700,compra,30508685.15178573,3
2701,compra,197958841.06401497,2
2702,compra,321435727.4080139,2
2703,compra,243318025.87903807,3
2704,arriendo,583050.5776227904,3
2705,arriendo,92210.96248650213,2
2706,compra,352605340.5939106,3
2707,compra,214313424.8890453,1
2708,compra,84324581.04464623,3
2709,compra,154440174.8869154,2
2710,compra,253490730.64014885,1
2711,compra,371414944.6418495,2
2712,compra,318820745.7512306,4
2713,arriendo,664278.2852548744,1
2714,compra,82997445.73428568,3
2715,compra,168069792.56688195,4
2716,arriendo,624514.3751484082,2
2717,arriendo,648132.0852197219,1
2718,arriendo,379404.4164996121,2
2719,arriendo,304910.5692299775,3
2720,compra,275408808.67384404,1
2721,arriendo,1068127.6330241044,1
2722,compra,143338080.20061457,2
2723,compra,315383528.44049084,1
2724,compra,188627753.78114393,2
2725,arriendo,-147883.64536206692,1
2726,compra,334577154.44218016,1
2727,arriendo,814123.5714463209,1
2728,compra,423698646.1268527,2
2729,compra,444009007.8413509,1
2730,compra,226852123.72967106,2
2731,compra,14478120.933373123,1
2732,arriendo,344370.9119578756,1
2733,arriendo,104148.36337382859,2
2734,compra,324480324.8121646,3
2735,arriendo,876466.0025397623,3
2736,arriendo,329450.4046978899,1
2737,arriendo,1027752.9054806906,4
2738,compra,284849508.35433817,2
2739,compra,90130324.9822071,1
2740,arriendo,410550.00907268113,1
2741,arriendo,648878.9071136403,2
2742,compra,-152624603.8248108,2
2743,compra,80024254.08808732,2
2744,compra,89922744.78444578,2
2745,compra,346361738.89164025,2
2746,arriendo,892736.8200077174,2
2747,arriendo,633947.6131409097,3
2748,arriendo,-91126.10772037902,2
2749,compra,335049558.5133821,3
2750,compra,303164020.73280275,3
2751,arriendo,646314.1827374158,3
2752,compra,268011793.3346801,2
2753,compra,255510125.99768776,2
2754,arriendo,418366.36650722346,0
2755,arriendo,241598.45441518445,3
2756,compra,162949833.443381,1
2757,arriendo,791244.2018662891,2
2758,arriendo,65167.63390468183,1
2759,compra,188877284.83114552,2
2760,compra,153625548.01312453,3
2761,arriendo,747743.4331983058,1
2762,arriendo,263775.44888120325,1
2763,compra,95141163.42396083,3
2764,arriendo,554034.8052632585,1
2765,arriendo,539380.3479275509,1
2766,compra,304101004.5747481,2
2767,arriendo,216854.18627680233,2
2768,compra,187939495.05305567,3
2769,compra,267072814.2281584,1
2770,arriendo,562950.1700320817,2
2771,arriendo,1084395.5951642657,1
2772,arriendo,774157.997381262,1
2773,compra,76204097.23109779,4
2774,arriendo,780351.1463801477,2
2775,compra,15439052.53155297,1
2776,compra,244933853.10287836,1
2777,arriendo,601830.6509618952,1
2778,compra,34526188.66074371,1
2779,arriendo,561645.3047658422,2
2780,arriendo,-337153.02932079136,2
2781,compra,199312127.46389985,3
2782,compra,36812467.041299015,1
2783,arriendo,249553.47210179776,2
2784,compra,332251960.2038142,1
2785,compra,248490979.36264902,4
2786,arriendo,500025.3642690444,2
2787,compra,54319521.26052272,2
2788,arriendo,597213.1143792021,2
2789,compra,285134541.4566512,4
2790,arriendo,408157.131369672,1
2791,compra,310636920.0789486,2
2792,arriendo,305305.2354829584,1
2793,arriendo,491319.64345711755,1
2794,compra,359028927.3190986,3
2795,compra,418925101.82425493,2
2796,arriendo,130208.40824007872,2
2797,arriendo,-51031.01158440369,1
2798,compra,254380461.18105984,2
2799,arriendo,682944.7038470694,2
2800,arriendo,969652.682209867,1
2801,arriendo,442537.72894008184,3
2802,compra,295508577.05707103,2
2803,compra,480018890.3206941,2
2804,compra,182893454.83920336,2
2805,compra,404627970.6208456,3
2806,compra,15069755.504017174,1
2807,compra,199579527.12723204,2
2808,compra,217989500.15339592,3
2809,arriendo,-50646.829661189,4
2810,compra,175532284.81608078,2
2811,arriendo,141356.22143102164,2
2812,compra,381319289.0791288,1
2813,arriendo,-62648.390166002675,2
2814,compra,344908041.99589205,2
2815,arriendo,779121.3088703919,2
2816,arriendo,353067.90757536225,1
2817,compra,194933981.53218013,1
2818,compra,496537786.6038289,4
2819,arriendo,274679.2492500219,1
2820,compra,323302369.3885645,2
2821,arriendo,1023364.900565971,1
2822,arriendo,708244.6514554936,2
2823,arriendo,429411.1351445316,2
2824,arriendo,673691.3067710148,1
2825,compra,357210647.95175415,1
2826,arriendo,448993.86488547706,2
2827,compra,36484408.380913585,1
2828,arriendo,527795.7063637709,1
2829,arriendo,618744.8822865788,1
2830,compra,180852417.798374,3
2831,arriendo,136199.3816972517,1
2832,compra,7881003.653549075,2
2833,compra,-85592490.0855276,1
2834,compra,243989327.27052665,0
2835,compra,272321608.75193846,2
2836,compra,242535599.631674,2
2837,arriendo,-234640.44525259954,1
2838,compra,394872593.1354524,4
2839,arriendo,488659.0000462252,2
2840,arriendo,422681.174825403,2
2841,arriendo,583305.3693947496,3
2842,compra,179305085.2902413,1
2843,arriendo,593059.9588736745,2
2844,compra,12018592.406464249,3
2845,compra,273365950.0659971,2
2846,arriendo,-127621.87168335647,1
2847,arriendo,363388.93976467795,2
2848,arriendo,308995.69679274503,1
2849,arriendo,301785.4356950162,1
2850,compra,341262735.2568661,2
2851,arriendo,184396.95639351453,0
2852,arriendo,374092.38115523703,4
2853,compra,308150589.57614326,2
2854,compra,305841251.5499785,3
2855,compra,332071737.8501551,3
2856,compra,125324724.17163423,1
2857,arriendo,667566.3784338697,2
2858,arriendo,-78712.52433555387,1
2859,arriendo,519085.3996799565,2
2860,compra,59889977.649948806,1
2861,arriendo,686603.7457883694,1
2862,arriendo,586552.2789122817,2
2863,arriendo,1218234.5281845662,1
2864,compra,-11974543.974919856,7
2865,compra,135072321.7384776,3
2866,arriendo,321084.9246362593,1
2867,arriendo,335513.8149034749,1
2868,compra,289489376.4077389,1
2869,compra,490811074.3372149,3
2870,compra,367613212.1816946,1
2871,compra,345279305.9669695,3
2872,arriendo,703312.527318462,2
2873,arriendo,58773.89839086583,3
2874,compra,197572667.72763112,3
2875,arriendo,471979.7414684316,1
2876,arriendo,597637.5640634312,2
2877,arriendo,1346483.3195884374,2
2878,compra,465913727.1825919,4
2879,arriendo,166594.8901604137,3
2880,arriendo,767908.9247737593,1
2881,compra,246644396.76217508,1
2882,compra,179191676.28036544,2
2883,compra,113624055.6168856,2
2884,compra,66642818.346885026,1
2885,compra,128897927.47752836,2
2886,arriendo,-4192.071884154109,3
2887,compra,-36955856.722075194,1
2888,compra,414522645.1789618,0
2889,arriendo,481246.9365889671,1
2890,arriendo,653809.7513528459,2
2891,arriendo,773466.5999065333,1
2892,compra,218067694.39018223,3
2893,compra,151945837.48739517,1
2894,compra,323216778.8873588,3
2895,arriendo,1006532.9525687301,7
2896,compra,321825621.9399607,2
2897,compra,-153786172.18151176,2
2898,arriendo,759957.6561341847,1
2899,compra,440507893.4594455,4
2900,arriendo,543933.8736789158,1
2901,arriendo,78831.83767093444,1
2902,arriendo,469266.78586501017,1
2903,arriendo,566699.0333588028,1
2904,arriendo,518616.9560532069,1
2905,arriendo,281096.76803621417,2
2906,arriendo,771096.1635339747,2
2907,compra,40288951.45095131,4
2908,compra,87650611.10277817,1
2909,compra,-4516085.808763146,2
2910,compra,129313981.23022322,1
2911,compra,158919664.5717733,1
2912,compra,165382090.92639238,1
2913,compra,445931297.2527297,3
2914,arriendo,616648.3720529436,1
2915,arriendo,921204.4853947917,1
2916,arriendo,265242.4843731153,2
2917,arriendo,728869.4312531779,4
2918,compra,278075731.0589549,2
2919,arriendo,304497.85383120656,2
2920,compra,272992834.8799408,2
2921,compra,-37598241.29227981,1
2922,arriendo,711436.457761779,1
2923,arriendo,240952.26063703,4
2924,arriendo,531591.7330274121,1
2925,arriendo,915035.1506049366,1
2926,arriendo,468986.82541748666,2
2927,compra,148548828.99803305,2
2928,arriendo,547689.8674639803,1
2929,compra,226399960.765593,1
2930,arriendo,413973.0832006155,1
2931,compra,-8177512.8990235925,3
2932,arriendo,475407.6729290993,2
2933,arriendo,-42307.54779409035,4
2934,compra,368943206.81394327,3
2935,compra,-46799334.52858913,1
2936,arriendo,416484.46025220695,1
2937,arriendo,565005.0841457298,2
2938,arriendo,924867.7782697835,1
2939,compra,200671767.4819896,1
2940,compra,-65308130.81417382,1
2941,compra,319962945.7523289,1
2942,compra,-222585964.65677607,1
2943,compra,312765512.5266396,3
2944,compra,138626756.7895488,3
2945,arriendo,782087.443966881,2
2946,arriendo,1034605.8405485828,1
2947,compra,52339802.8899616,2
2948,arriendo,170619.46969738533,2
2949,compra,323345984.14180696,3
2950,arriendo,998185.162922256,1
2951,compra,461960894.13917303,2
2952,arriendo,943144.2617078172,1
2953,arriendo,6091.715532639762,4
2954,arriendo,34149.99577731482,2
2955,arriendo,686370.1866686969,2
2956,arriendo,570165.2966130559,2
2957,compra,286230670.6530954,1
2958,arriendo,478010.23729443346,1
2959,compra,298658428.0968546,0
2960,compra,-74866290.56061018,3
2961,arriendo,644293.7360580862,1
2962,compra,269252455.4214356,0
2963,arriendo,-158445.03216469556,2
2964,arriendo,153001.5554338459,3
2965,arriendo,773142.8867750019,2
2966,compra,37140765.21785703,3
2967,arriendo,773278.9067759005,3
2968,arriendo,817777.5451796239,1
2969,compra,152468110.6114313,2
2970,compra,118958116.53508538,2
2971,compra,312246480.95658636,3
2972,compra,56423015.38749045,3
2973,arriendo,1333135.3643158958,1
2974,arriendo,-98103.42362830369,5
2975,compra,282766507.0997403,3
2976,compra,60108440.37640643,2
2977,compra,157314987.69680113,2
2978,arriendo,305370.96212518465,3
2979,arriendo,418829.01567715243,2
2980,arriendo,365660.4451577682,2
2981,arriendo,708182.2111663235,2
2982,compra,238316784.9261086,2
2983,arriendo,589197.9603386025,2
2984,compra,440515355.7956475,1
2985,arriendo,1121976.1759522764,2
2986,arriendo,484738.2221544138,2
2987,arriendo,870839.3970751765,1
2988,arriendo,688104.5004813161,1
2989,arriendo,860840.3602008817,1
2990,arriendo,893005.9466392738,3
2991,compra,216232212.1905652,3
2992,arriendo,444225.20729188796,1
2993,arriendo,593720.9007485703,2
2994,arriendo,482564.5561383265,1
2995,compra,262347151.4349125,2
2996,compra,77172709.23338756,1
2997,arriendo,467220.0630438711,2
2998,arriendo,1108416.693684632,2
2999,arriendo,728064.1400308728,3
3000,compra,372828747.4358261,1
3001,arriendo,69916.66015921434,1
3002,compra,6604843.00843671,1
3003,arriendo,257945.94600488694,1
3004,arriendo,169791.32450357912,2
3005,compra,367380121.97611237,2
3006,compra,407973082.384796,2
3007,arriendo,852851.8555672911,2
3008,compra,429811210.0916325,1
3009,arriendo,486612.9077628889,1
3010,compra,228612786.52804944,2
3011,arriendo,732408.6506874696,3
3012,arriendo,170922.31490616925,1
3013,compra,423897305.0513514,2
3014,arriendo,840317.880372271,1
3015,arriendo,797287.5850487726,1
3016,compra,262517895.9640056,2
3017,compra,241950543.21413204,2
3018,arriendo,994579.3087731245,1
3019,compra,204413161.33532217,1
3020,compra,70755119.11507317,3
3021,arriendo,867437.3750586321,1
3022,arriendo,262174.3568155943,2
3023,arriendo,335186.7161351192,1
3024,arriendo,272997.5206961136,1
3025,compra,39124929.79255131,2
3026,compra,59069786.54300898,3
3027,arriendo,166310.23576175875,2
3028,compra,72933428.25383636,2
3029,compra,355039946.1979395,3
3030,arriendo,723559.8564114295,1
3031,arriendo,440063.10509283066,2
3032,compra,261124748.99913108,3
3033,arriendo,650073.6411499658,2
3034,compra,22493493.31585747,2
3035,arriendo,314032.4714409237,1
3036,compra,600872688.8080989,1
3037,compra,371603057.6549618,3
3038,compra,293703150.695194,2
3039,arriendo,916161.1436733284,2
3040,compra,379322080.841308,0
3041,arriendo,629287.8326726122,1
3042,compra,66636093.000389874,2
3043,compra,27357479.154392064,3
3044,compra,354263397.1409502,2
3045,arriendo,-149872.2094948315,1
3046,compra,146304711.95252857,1
3047,compra,310121832.11694205,1
3048,arriendo,534920.4087844358,2
3049,arriendo,439529.1997287986,1
3050,compra,359811584.79743177,5
3051,arriendo,554725.5013326093,1
3052,arriendo,514845.4617688476,1
3053,compra,380199285.26004213,2
3054,compra,234352468.09607044,3
3055,compra,386672155.81536317,3
3056,compra,83729959.38620767,4
3057,compra,246941468.412469,2
3058,compra,250993822.86814478,2
3059,compra,269023322.1043387,2
3060,arriendo,445725.76245998306,1
3061,arriendo,277787.4524516315,1
3062,arriendo,370406.1676097818,1
3063,arriendo,117155.15192346682,2
3064,compra,126915771.43327413,2
3065,compra,92540190.14385606,1
3066,arriendo,-7709.266021902324,2
3067,arriendo,693296.0705982782,1
3068,compra,242275300.45105064,3
3069,compra,399474796.5425861,2
3070,arriendo,52947.58591481054,1
3071,arriendo,626670.8539298011,1
3072,compra,250254837.03401,2
3073,arriendo,500441.8254705791,2
3074,compra,394310555.9379622,1
3075,compra,181771579.3035,2
3076,compra,263350510.60524723,1
3077,arriendo,-99379.95351599646,1
3078,compra,472464505.5535429,3
3079,compra,67247889.24999481,4
3080,compra,83806427.53470817,3
3081,compra,144000328.58198482,2
3082,compra,335878236.31671935,2
3083,arriendo,417081.98167716595,1
3084,arriendo,506183.22280511365,2
3085,arriendo,394536.0345742385,4
3086,compra,94306326.6650252,3
3087,compra,342857971.49625003,2
3088,arriendo,205573.4470020946,2
3089,arriendo,1175955.9134940421,2
3090,compra,165576563.2990572,3
3091,compra,145718500.7341411,4
3092,compra,85163943.31807509,1
3093,arriendo,181439.0839324589,2
3094,arriendo,1040805.5580379246,1
3095,compra,240696290.02713695,1
3096,arriendo,734471.8157888728,2
3097,arriendo,313070.1244677602,4
3098,compra,-69942616.08625847,2
3099,compra,132138826.16812164,2
3100,compra,413408242.9536022,1
3101,compra,436750414.920413,1
3102,compra,363930255.4122782,2
3103,arriendo,-145660.07007452927,0
3104,arriendo,-182813.35578477383,1
3105,arriendo,697598.5619935028,2
3106,arriendo,569298.4276309247,1
3107,compra,69032056.65790316,3
3108,compra,115095814.18309073,2
3109,compra,535580186.31789577,1
3110,arriendo,48789.36733104341,1
3111,arriendo,264586.3285536936,1
3112,arriendo,571066.2065743092,3
3113,arriendo,945931.7077430878,1
3114,compra,131771066.79931432,3
3115,compra,383171109.0670532,1
3116,compra,240831956.26301318,3
3117,arriendo,163794.51631364028,2
3118,compra,172156562.98579854,2
3119,compra,7258230.690875322,2
3120,arriendo,770097.1950477021,2
3121,compra,185301597.64347956,2
3122,compra,285182740.8869742,3
3123,compra,397654231.3534017,2
3124,arriendo,313868.317605838,2
3125,arriendo,931750.7010551125,2
3126,arriendo,683651.9019893708,1
3127,compra,206458928.1327862,3
3128,compra,218688976.1792489,2
3129,compra,317404707.1122594,2
3130,compra,497980034.31473565,4
3131,arriendo,702224.8383385068,1
3132,arriendo,444673.3433427479,3
3133,compra,89980028.88057141,4
3134,compra,262022043.34240666,1
3135,compra,172717462.40089858,1
3136,compra,215799621.69160992,2
3137,compra,325356329.6518574,2
3138,compra,412287458.98515546,1
3139,arriendo,795994.230663877,1
3140,compra,274915654.5704587,2
3141,compra,360763420.0608375,7
3142,compra,289186780.52430916,3
3143,arriendo,463869.3788597555,1
3144,arriendo,365344.874474352,1
3145,compra,199104071.87621468,3
3146,compra,153986380.09416696,1
3147,compra,392204690.4112773,1
3148,arriendo,517076.0510351132,3
3149,compra,194020250.41892177,1
3150,arriendo,258618.7812064743,2
3151,compra,-100706414.78711021,1
3152,arriendo,773721.3733761341,1
3153,compra,291889187.9324615,5
3154,compra,402214933.5832851,1
3155,compra,6527007.872298121,3
3156,compra,64992915.64264381,1
3157,arriendo,137519.22860020451,2
3158,arriendo,371820.1272232341,1
3159,compra,-28959998.547094613,2
3160,compra,584740735.9717085,2
3161,arriendo,896740.0932036238,1
3162,arriendo,502170.66003038693,3
3163,arriendo,-24387.73524957546,1
3164,compra,195094736.83630508,1
3165,compra,253375322.78017056,1
3166,compra,290852379.54888564,2
3167,compra,484786762.0150455,1
3168,compra,195766119.25421557,3
3169,arriendo,601230.1140752344,1
3170,arriendo,351750.9911210735,2
3171,arriendo,1039560.0253785354,3
3172,arriendo,1053465.8842875855,2
3173,arriendo,203132.61629973463,1
3174,compra,63387844.80386412,1
3175,compra,327422093.50044334,3
3176,arriendo,732988.0393882667,1
3177,compra,189725674.26833713,1
3178,compra,283482444.4168921,3
3179,compra,148034338.78140545,3
3180,compra,82072600.22737509,5
3181,compra,334446859.7854347,4
3182,compra,345500835.5244738,1
3183,arriendo,100318.54603009485,1
3184,arriendo,687332.4670027496,1
3185,arriendo,-172749.6898312925,2
3186,arriendo,-40777.53734426468,1
3187,compra,424627632.8747915,3
3188,compra,196404969.67281014,1
3189,arriendo,394398.47384215216,1
3190,compra,142668565.01298663,1
3191,compra,244458129.5468568,1
3192,compra,528627676.50425065,4
3193,arriendo,327105.90962854016,1
3194,compra,49095321.18153018,7
3195,compra,241004481.53111044,2
3196,compra,448575737.7693955,0
3197,arriendo,703016.1817103531,2
3198,arriendo,629104.0757692981,1
3199,compra,238390404.02225637,2
3200,arriendo,108195.14157317957,2
3201,compra,437980300.834427,2
3202,compra,-48517907.07828832,2
3203,arriendo,378242.7169811503,2
3204,arriendo,403646.78009023465,2
3205,arriendo,207192.95677327743,1
3206,arriendo,534827.2795244217,1
3207,arriendo,566226.7973752067,1
3208,arriendo,1029302.1550494407,2
3209,compra,173880361.41430393,3
3210,arriendo,823285.4167695596,1
3211,compra,211937713.59303492,4
3212,compra,193195883.0483761,2
3213,arriendo,773794.1944327538,1
3214,arriendo,737654.595435208,1
3215,compra,169671508.74824452,2
3216,arriendo,981125.7292531822,1
3217,arriendo,1079548.4824311421,1
3218,arriendo,490153.5111626086,1
3219,arriendo,29927.3309922411,4
3220,arriendo,802180.5780590428,2
3221,compra,85653509.06083165,2
3222,compra,22447079.106733322,1
3223,arriendo,359615.3539766249,1
3224,compra,397620314.57366645,2
3225,arriendo,981590.2911094079,1
3226,compra,427026404.54848707,2
3227,arriendo,-97953.8885315794,2
3228,compra,49460954.743317425,4
3229,compra,266601465.36463112,3
3230,arriendo,312164.79539245786,1
3231,compra,134118002.06551932,1
3232,arriendo,745433.4147760286,3
3233,arriendo,473373.44736615557,1
3234,arriendo,860786.4827976975,1
3235,arriendo,125412.55549440865,3
3236,arriendo,1303422.103739892,1
3237,arriendo,268623.2017732582,0
3238,arriendo,5477.594904858503,2
3239,compra,248290789.47415063,1
3240,compra,91416548.81139943,1
3241,compra,42101523.65543625,3
3242,arriendo,429638.8785721874,3
3243,arriendo,915121.124135239,1
3244,compra,98905690.96825846,4
3245,compra,167239782.89067602,1
3246,arriendo,456246.4039425561,1
3247,arriendo,448582.2624153692,1
3248,arriendo,817469.761194967,2
3249,compra,241078828.94054493,2
3250,compra,286176469.2057451,2
3251,compra,-8956438.789503753,3
3252,arriendo,492894.34643050533,2
3253,compra,-15865112.702231467,2
3254,compra,194526548.44190478,2
3255,arriendo,243126.38152524934,3
3256,arriendo,659080.6733761154,1
3257,arriendo,504426.09065298433,2
3258,arriendo,1319673.361812284,1
3259,compra,297871234.69665504,2
3260,arriendo,614757.1847859842,1
3261,arriendo,702872.9278781791,2
3262,arriendo,545080.6823886394,1
3263,arriendo,728050.4032459997,2
3264,arriendo,602235.4094691422,1
3265,compra,457399635.04176956,1
3266,arriendo,-460999.81225977524,1
3267,compra,-16888579.684369355,2
3268,arriendo,413054.90066281264,1
3269,arriendo,454634.57570394955,1
3270,arriendo,842591.9182433648,1
3271,compra,176538101.27477217,2
3272,compra,286830181.0008759,4
3273,arriendo,794437.2216524966,3
3274,compra,32418572.22294274,1
3275,compra,383264314.9444268,2
3276,compra,379948987.0917483,2
3277,compra,-146961612.85154605,1
3278,compra,506678820.85287285,4
3279,compra,663285388.4070169,2
3280,compra,273302889.2687762,1
3281,compra,311986562.0787408,3
3282,compra,126977449.4789798,1
3283,arriendo,1289807.003497454,1
3284,compra,55572152.01406747,2
3285,compra,350275846.3845875,2
3286,compra,143447971.9319654,3
3287,compra,154210621.37169644,2
3288,arriendo,542078.1106880797,2
3289,arriendo,331971.84357362846,1
3290,arriendo,723919.0760916424,1
3291,compra,215425059.90108502,4
3292,compra,330740594.13109094,3
3293,compra,109712404.26206999,3
3294,compra,338849785.7882589,2
3295,arriendo,710769.5540526664,1
3296,arriendo,322189.0492748539,1
3297,arriendo,307274.0603234506,1
3298,arriendo,304476.64277377387,2
3299,compra,198116953.93661106,3
3300,compra,407503408.1037056,3
3301,compra,280296094.90791065,2
3302,arriendo,984438.426744389,2
3303,compra,363204587.2834046,1
3304,compra,336271987.83143836,4
3305,compra,335745555.5485337,1
3306,arriendo,286102.4692839675,2
3307,arriendo,478054.23376716813,2
3308,compra,227624862.8448722,4
3309,arriendo,220779.5390900473,2
3310,arriendo,483219.44347334903,2
3311,arriendo,496553.24109982536,2
3312,arriendo,586735.9166465309,1
3313,arriendo,263835.9135858015,2
3314,compra,267708452.64602172,3
3315,arriendo,523656.9715074421,2
3316,compra,96505900.03589655,3
3317,compra,13613117.022581786,2
3318,compra,29183960.655288875,3
3319,compra,109196990.52016717,2
3320,arriendo,538205.6287474304,1
3321,arriendo,648305.2211308823,3
3322,arriendo,570480.8531462477,3
3323,compra,215330028.7138596,1
3324,arriendo,36664.53270807763,2
3325,arriendo,921942.4040014746,2
3326,arriendo,1308634.8372846623,2
3327,compra,154887390.70608073,4
3328,compra,-27647518.65208748,3
3329,compra,129765897.20999731,2
3330,arriendo,1091509.849747118,1
3331,compra,444326615.1908524,2
3332,arriendo,254722.70732245594,1
3333,compra,24047910.485148787,3
3334,arriendo,672451.9300734929,2
3335,compra,517013901.65682894,1
3336,compra,111060312.69064353,2
3337,compra,24018460.47299233,2
3338,arriendo,567839.888934838,2
3339,arriendo,735170.8685184384,1
3340,compra,333987330.60376954,1
3341,arriendo,475637.6123956963,1
3342,arriendo,776821.1692389562,3
3343,arriendo,825398.4450706112,3
3344,arriendo,347553.303108871,2
3345,compra,235717617.37116048,1
3346,arriendo,625727.59360276,2
3347,compra,432240282.48149145,3
3348,compra,35306058.45931405,0
3349,compra,108268584.09624164,2
3350,compra,404540146.6803826,2
3351,compra,121684962.47751647,2
3352,compra,389232421.50840795,2
3353,compra,39611661.077658415,2
3354,compra,306055734.81558836,2
3355,compra,281657027.57008815,1
3356,arriendo,739678.2232825577,1
3357,compra,234166246.8566188,2
3358,arriendo,951374.5528474011,1
3359,compra,36484812.22009769,2
3360,arriendo,671965.1471057211,2
3361,arriendo,262314.2439847352,1
3362,compra,112002317.11652824,2
3363,compra,203069897.9168354,2
3364,arriendo,285713.0916631242,2
3365,arriendo,515814.57944727264,1
3366,arriendo,543421.4791070513,3
3367,compra,248446445.4204406,2
3368,compra,-103916288.60667998,3
3369,arriendo,799630.2370931538,2
3370,compra,167052811.71003994,2
3371,arriendo,278999.37445208995,2
3372,compra,115981319.80444331,3
3373,arriendo,119665.4867790023,1
3374,compra,115987809.21436517,1
3375,arriendo,878168.2028498627,3
3376,arriendo,619933.6071668931,2
3377,arriendo,521848.3585355568,5
3378,compra,190576296.6019636,4
3379,arriendo,839269.1314626709,1
3380,compra,296970501.23049086,5
3381,arriendo,941692.0327718664,1
3382,compra,158384714.8875434,1
3383,arriendo,431641.98071512394,1
3384,arriendo,287028.02720745635,1
3385,arriendo,412079.99109803454,1
3386,arriendo,708171.8708731879,1
3387,compra,140038678.34663174,4
3388,arriendo,666855.1578497551,2
3389,compra,108146239.78194132,1
3390,compra,114348921.73511398,2
3391,compra,184924605.52784854,4
3392,arriendo,1164912.2071609832,2
3393,arriendo,212400.85457150516,2
3394,compra,87521394.66408241,2
3395,compra,209590130.48149362,2
3396,compra,-12185544.987490535,2
3397,compra,355642123.9782068,1
3398,compra,247800048.15204614,2
3399,compra,290404264.8846802,1
3400,compra,470191311.03281665,1
3401,arriendo,691332.3532266957,3
3402,arriendo,906432.2536635366,2
3403,arriendo,202597.5800444876,2
3404,arriendo,381200.8261990581,1
3405,arriendo,819554.9979641435,0
3406,compra,-55594750.911189556,1
3407,arriendo,374001.6860315128,3
3408,compra,354645088.28270805,3
3409,arriendo,517089.2096026943,1
3410,arriendo,504937.2670336579,1
3411,compra,231243306.8379853,4
3412,compra,-55925763.72849512,2
3413,compra,33752540.37414816,2
3414,compra,168448860.3621394,2
3415,compra,325856711.5059202,4
3416,compra,270822786.46209437,1
3417,arriendo,92598.0564804856,1
3418,compra,231406611.5225838,2
3419,arriendo,505184.16643097444,2
3420,compra,81353180.42963076,2
3421,arriendo,32469.940436011355,5
3422,compra,356022053.48128355,1
3423,arriendo,767450.5913905569,3
3424,arriendo,397783.2969584257,1
3425,compra,370118912.0434345,3
3426,compra,349172902.4814604,2
3427,compra,76469635.13322186,1
3428,arriendo,595108.4473522294,1
3429,arriendo,823714.2353989093,2
3430,compra,141805758.90438104,2
3431,arriendo,368249.05395020416,1
3432,compra,298983984.09024453,2
3433,compra,22421798.166565508,3
3434,compra,174364150.9074558,2
3435,arriendo,577682.7429111501,2
3436,arriendo,254427.0623407241,3
3437,compra,181713421.57807156,2
3438,compra,278325186.4915681,5
3439,arriendo,492143.2027074995,1
3440,arriendo,219159.71405149414,1
3441,arriendo,847422.4986069304,1
3442,compra,167201228.28490126,3
3443,compra,65535660.0323903,3
3444,compra,363912511.82525563,2
3445,compra,202156570.6076051,3
3446,arriendo,143834.35007503058,3
3447,compra,71253536.56545982,1
3448,compra,-25339066.6082969,1
3449,compra,372978168.77408457,2
3450,arriendo,441496.4869714406,5
3451,compra,230048524.32061732,1
3452,compra,286770350.50313807,4
3453,compra,202637394.7246721,1
3454,arriendo,584980.518639337,2
3455,compra,337054884.9209252,3
3456,compra,400078150.5631653,2
3457,compra,258529189.78941008,2
3458,arriendo,391909.48337367433,3
3459,arriendo,1052955.9447868543,1
3460,arriendo,1246489.969875087,1
3461,arriendo,372564.20629198384,1
3462,compra,255983287.04926497,2
3463,arriendo,697921.3989040748,0
3464,arriendo,163235.64191381284,1
3465,compra,116084628.0443847,3
3466,arriendo,595801.5673671104,1
3467,arriendo,783917.0523863144,2
3468,compra,81054805.22485831,3
3469,arriendo,354824.05058894143,2
3470,arriendo,554632.2319155067,2
3471,compra,428842638.04580283,3
3472,compra,147848590.5150962,6
3473,compra,-19043904.116190225,1
3474,arriendo,704034.0368976861,1
3475,compra,18507787.472168177,0
3476,compra,329887778.6219331,2
3477,compra,317953099.62587774,3
3478,compra,395594617.4054816,2
3479,arriendo,486988.20365977846,3
3480,compra,272171619.5945574,2
3481,arriendo,359231.52009288996,1
3482,compra,166521557.72006726,1
3483,compra,83325061.63519648,2
3484,compra,208823449.0626923,1
3485,compra,106013776.38044807,2
3486,compra,95445257.83349599,2
3487,arriendo,324734.5801201089,2
3488,arriendo,325523.10148018436,2
3489,compra,453300869.04025525,3
3490,arriendo,371453.53795994096,1
3491,arriendo,1126654.167698788,1
3492,compra,-66270478.80737203,3
3493,arriendo,462738.36096738523,1
3494,arriendo,197165.50936098403,1
3495,arriendo,456066.46280180186,2
3496,compra,253821596.3859243,3
3497,arriendo,404892.13909649453,1
3498,compra,594470362.8360331,3
3499,compra,250450640.8090555,3
3500,compra,246378551.81793976,2
3501,arriendo,1119381.9018925312,3
3502,compra,268085788.09636652,3
3503,compra,277810505.8691171,1
3504,arriendo,935935.8325106876,2
3505,compra,199407927.10428098,3
3506,compra,103003710.43261197,1
3507,arriendo,244862.00255753967,1
3508,compra,360251176.1809692,2
3509,arriendo,947450.6484613381,1
3510,arriendo,568378.9691458966,2
3511,compra,233216915.89592877,3
3512,arriendo,222772.63513668813,1
3513,compra,259778220.4000588,1
3514,compra,298687501.74801135,1
3515,arriendo,342083.83898914966,1
3516,compra,338550808.0545018,1
3517,arriendo,289120.59302915854,2
3518,compra,159999361.88157898,3
3519,compra,255100809.5739273,3
3520,arriendo,1116781.8297593873,1
3521,compra,-287048979.5393469,1
3522,compra,248621495.92995134,3
3523,compra,431611977.83572716,5
3524,compra,-7605629.0220859945,3
3525,arriendo,657751.2601075266,1
3526,compra,144216594.71115077,4
3527,arriendo,1042899.5755939246,1
3528,compra,194495341.19040626,2
3529,compra,213652083.2417866,3
3530,compra,116551813.09197176,2
3531,arriendo,810729.4792230403,1
3532,arriendo,884098.7050687535,3
3533,compra,291472724.17654616,2
3534,arriendo,14920.948545352905,1
3535,compra,402521040.8050972,1
3536,arriendo,766662.161979022,2
3537,compra,445112822.0063706,2
3538,compra,404381426.88725024,3
3539,compra,365958688.82260096,2
3540,compra,114547803.20546651,2
3541,compra,100650807.64475949,2
3542,compra,484938301.0547381,2
3543,arriendo,726024.5435944367,1
3544,arriendo,520324.16222461977,2
3545,compra,257617994.3564971,1
3546,compra,372983547.7321518,3
3547,arriendo,659333.295092361,4
3548,compra,170982655.57215396,3
3549,compra,169262316.13450316,3
3550,arriendo,393250.0226409738,2
3551,compra,39601658.98275587,1
3552,arriendo,230012.92127270054,1
3553,compra,83246736.38185483,1
3554,compra,-54837437.04652804,2
3555,compra,399683288.2453866,3
3556,compra,413907779.8949135,3
3557,arriendo,480185.795322672,1
3558,arriendo,480664.6772006274,1
3559,compra,177385057.85565087,2
3560,compra,396362007.8363901,3
3561,compra,81141512.93545118,2
3562,compra,257733211.76372698,2
3563,compra,135641143.71623114,1
3564,arriendo,434326.6785114276,3
3565,arriendo,474798.5813986034,1
3566,compra,234541753.1327681,5
3567,arriendo,-196182.52058817132,1
3568,compra,78502435.13644296,2
3569,compra,212807452.33803147,2
3570,compra,401564356.49412346,2
3571,arriendo,484067.5093986664,2
3572,arriendo,447000.54787881486,2
3573,compra,243098876.61351454,3
3574,arriendo,261331.68076551845,3
3575,arriendo,505668.43046073476,2
3576,compra,214499742.96062547,1
3577,compra,102304044.05207472,1
3578,arriendo,776512.7955636444,1
3579,compra,221016033.7040071,3
3580,arriendo,865779.3066276175,1
3581,arriendo,499580.83368563675,1
3582,arriendo,740515.399552139,1
3583,compra,352408950.2699373,2
3584,compra,562943217.0740478,2
3585,arriendo,489179.2273436216,2
3586,compra,18355994.823925257,1
3587,compra,239482576.80457577,1
3588,compra,185330518.02819842,2
3589,compra,116897856.2447164,3
3590,arriendo,300213.6084696438,1
3591,arriendo,561026.4671736524,1
3592,arriendo,1102905.0432722424,0
3593,compra,97587706.70282416,1
3594,compra,248439438.38374454,1
3595,arriendo,318794.96390570514,1
3596,arriendo,893938.9750631761,3
3597,compra,219888535.06901312,3
3598,arriendo,598584.9667525393,2
3599,arriendo,491680.8429189176,1
3600,arriendo,754866.6703706936,1
3601,compra,13404852.71742779,1
3602,arriendo,620373.3970397343,1
3603,compra,216851779.15984356,3
3604,compra,111236033.41675054,0
3605,compra,-50150615.13796127,5
3606,arriendo,589085.025248724,2
3607,compra,101041373.65174821,3
3608,compra,192476373.24600178,2
3609,compra,332312239.1315503,2
3610,compra,76755239.11701354,1
3611,arriendo,-107991.23897544062,1
3612,arriendo,321290.5618744249,3
3613,compra,321433489.53916156,0
3614,arriendo,638337.9401542445,4
3615,arriendo,500437.66502073023,2
3616,compra,274999991.8774867,2
3617,compra,58431054.72376728,1
3618,arriendo,816698.3368423812,1
3619,arriendo,306026.7519865152,2
3620,arriendo,1065977.3402453258,2
3621,compra,69551100.47976491,3
3622,arriendo,557190.85863532,1
3623,compra,441372135.7786236,3
3624,compra,57863987.20015997,2
3625,arriendo,236721.8661871755,1
3626,compra,58383874.21630606,2
3627,arriendo,244877.58494123584,2
3628,arriendo,531538.8994039766,2
3629,compra,347534292.9264822,4
3630,compra,172032323.8986829,2
3631,compra,1725997.5090607107,1
3632,compra,245531827.4797634,1
3633,compra,-218626137.72352737,3
3634,compra,-15345470.007091463,2
3635,compra,359714733.478443,2
3636,compra,2906465.809425235,2
3637,arriendo,878787.4717176096,1
3638,compra,207940892.42429924,2
3639,compra,151715244.60820687,2
3640,compra,-112312513.0536173,2
3641,compra,107670492.1587173,2
3642,compra,287540116.18581414,2
3643,compra,170943127.91415524,3
3644,compra,359265870.5956561,2
3645,compra,309721364.27454215,2
3646,compra,-12981352.6540986,2
3647,arriendo,731301.4199880288,3
3648,arriendo,-99364.43647929991,3
3649,compra,355057678.8522612,1
3650,arriendo,893790.4779053684,1
3651,compra,186248995.52110773,3
3652,compra,-16830396.569597095,1
3653,compra,198866641.78691697,1
3654,arriendo,429288.15050491446,3
3655,arriendo,769052.3034340638,2
3656,arriendo,408897.28432839515,3
3657,compra,92304822.399758,2
3658,compra,203673076.09345514,1
3659,arriendo,840453.1676203007,2
3660,arriendo,239623.83162888727,2
3661,compra,74473479.03075346,1
3662,arriendo,413031.632726371,1
3663,arriendo,213823.32701715885,2
3664,arriendo,536678.514404511,2
3665,compra,36864405.546575606,1
3666,arriendo,353510.8943244639,2
3667,compra,337947536.51541126,3
3668,compra,167485197.04475176,3
3669,compra,549990599.9308394,3
3670,compra,105685274.14272468,2
3671,compra,400193146.8121585,3
3672,compra,265546376.7416355,3
3673,compra,77651653.0289427,3
3674,arriendo,782272.6395812063,1
3675,arriendo,366801.2625299577,2
3676,compra,-84964117.10818207,2
3677,compra,285276584.51447326,2
3678,compra,197079729.75711638,3
3679,arriendo,821708.2597468066,1
3680,compra,277667667.4153421,1
3681,compra,206838626.29041845,3
3682,compra,289904321.71658164,2
3683,arriendo,14497.656456311233,2
3684,arriendo,-6468.699596863473,2
3685,arriendo,236980.74009592162,0
3686,compra,179260620.85694954,5
3687,arriendo,508479.5030443624,1
3688,arriendo,419111.16672356584,1
3689,arriendo,390892.4676999869,1
3690,arriendo,867139.4744816014,1
3691,compra,165246066.1491324,1
3692,compra,423869423.156645,2
3693,arriendo,325946.6802126097,1
3694,arriendo,-137660.68835787033,1
3695,arriendo,936827.6266281927,2
3696,compra,62031505.49026328,2
3697,compra,-13083862.256696552,2
3698,compra,472685137.1177836,1
3699,compra,251727125.94968843,3
3700,compra,186385790.72219795,2
3701,compra,199742142.55056792,3
3702,compra,254074746.0273341,1
3703,compra,179174816.6716053,4
3704,arriendo,471603.51607499574,2
3705,arriendo,303152.657049311,2
3706,arriendo,1010912.2225217742,2
3707,compra,108679437.13555479,4
3708,compra,369277962.8801019,3
3709,arriendo,1063471.580933996,2
3710,arriendo,-160663.1537754325,2
3711,arriendo,620436.2648116769,1
3712,compra,-21687630.853307158,3
3713,arriendo,763163.746697139,2
3714,compra,616959144.6618704,4
3715,arriendo,1057183.5197801879,1
3716,arriendo,755228.1878612813,1
3717,arriendo,829371.502246739,3
3718,compra,143398070.18940252,1
3719,arriendo,627309.3346403688,2
3720,compra,387307998.560282,2
3721,arriendo,188057.1685077253,2
3722,arriendo,640715.6888711798,2
3723,compra,166192943.46882844,5
3724,arriendo,474743.4081854805,2
3725,arriendo,204776.9176209453,2
3726,arriendo,959830.6840894865,2
3727,compra,280577357.2613358,2
3728,arriendo,419655.63689316786,1
3729,compra,389207491.3453827,2
3730,compra,339042222.5089584,2
3731,compra,-124366490.71807027,3
3732,arriendo,422518.4016491584,2
3733,arriendo,582238.1699896482,1
3734,compra,67661540.64267728,5
3735,arriendo,220984.2112326456,1
3736,arriendo,798978.4401122411,1
3737,compra,94075736.19655833,3
3738,compra,-36966072.16402131,2
3739,arriendo,271345.37177563173,3
3740,compra,113459889.55044924,1
3741,arriendo,460118.6728888168,2
3742,compra,390653942.5438796,2
3743,compra,343569081.0266509,1
3744,compra,148677419.18772388,1
3745,arriendo,810725.8697527654,1
3746,arriendo,234835.78859652166,1
3747,arriendo,111377.91107475763,1
3748,compra,365949160.74609035,2
3749,arriendo,-49876.49249297136,3
3750,compra,218976519.20478842,1
3751,arriendo,941179.5786718768,1
3752,compra,260251763.7341222,1
3753,arriendo,330184.01108342886,1
3754,arriendo,259836.49252738385,2
3755,compra,-180024914.22854263,3
3756,compra,361928834.09417176,1
3757,arriendo,421736.0687115146,1
3758,compra,201521661.79297224,3
3759,compra,419643465.9971935,1
3760,compra,480593676.0690573,2
3761,compra,93742304.23399745,2
3762,compra,87359820.86959933,2
3763,arriendo,509814.93970862357,3
3764,arriendo,695753.4817466952,2
3765,arriendo,674730.725922406,2
3766,arriendo,1010736.5615468833,2
3767,arriendo,451502.9113674879,2
3768,arriendo,483323.1666407299,1
3769,arriendo,491568.77787282655,2
3770,compra,76093133.4826966,3
3771,compra,109928822.51013424,4
3772,compra,308122768.86420226,3
3773,arriendo,702214.1636217481,1
3774,arriendo,885075.5274383667,2
3775,arriendo,325682.1719348026,2
3776,compra,195804221.9486038,2
3777,compra,394858467.0280833,4
3778,compra,300017317.8588137,2
3779,arriendo,582717.3610932708,1
3780,compra,246949016.49922553,1
3781,compra,138194931.39499843,1
3782,compra,130872748.34536284,2
3783,arriendo,601532.2977777031,1
3784,arriendo,331457.6135388169,1
3785,arriendo,352567.57368670404,1
3786,compra,485054329.77272093,4
3787,compra,149502193.32493863,1
3788,compra,453341462.9716401,3
3789,arriendo,1059157.222334302,2
3790,compra,442518816.05547416,1
3791,compra,372321075.0185025,2
3792,compra,149283923.48723885,2
3793,arriendo,887399.6517631816,1
3794,arriendo,470132.01167518424,1
3795,compra,24508337.17891988,1
3796,arriendo,68540.78358894377,1
3797,compra,171677273.10274816,1
3798,compra,135696134.4400549,3
3799,arriendo,119752.09061622602,1
3800,arriendo,351282.5007947404,1
3801,compra,-152007394.95293486,3
3802,compra,392691816.7598024,3
3803,arriendo,175080.93620659976,2
3804,compra,38729517.53619674,2
3805,compra,220671894.87642,2
3806,arriendo,-56551.07361613284,1
3807,compra,203799616.65551594,3
3808,compra,292559494.1447979,2
3809,compra,30248355.341909528,1
3810,arriendo,167714.42816087249,1
3811,arriendo,575171.8796864947,1
3812,compra,107226817.78767367,1
3813,arriendo,121559.16436130024,4
3814,compra,136214230.5010649,2
3815,compra,113620659.99970326,2
3816,compra,89216591.81767727,2
3817,compra,376946367.3138103,2
3818,compra,371167519.8343801,2
3819,arriendo,549496.8612257497,2
3820,arriendo,889192.0424747886,1
3821,arriendo,891096.108540223,1
3822,arriendo,500010.4116812674,1
3823,arriendo,842928.330707404,2
3824,compra,204317655.65297902,2
3825,arriendo,335349.45349538967,3
3826,compra,108711885.48149906,3
3827,compra,38597523.83387384,1
3828,arriendo,552124.4574572141,2
3829,arriendo,137810.88486785634,1
3830,arriendo,179019.5460386554,1
3831,arriendo,359034.9315274132,2
3832,compra,169264001.1614645,2
3833,compra,253658460.01179516,2
3834,arriendo,464317.9778630773,2
3835,arriendo,129960.47114760213,1
3836,arriendo,493949.81060829957,2
3837,arriendo,516865.5443597011,1
3838,arriendo,833506.7355922523,1
3839,arriendo,716299.5658772507,1
3840,arriendo,186920.694255782,1
3841,arriendo,509749.7269671134,2
3842,compra,304955138.5778503,3
3843,arriendo,842782.5100651933,1
3844,arriendo,208355.0145334627,2
3845,compra,253152265.03588703,1
3846,arriendo,877381.8455014935,1
3847,compra,136972105.14765495,1
3848,compra,48186070.7063587,3
3849,compra,307101497.20748425,1
3850,arriendo,384746.85976037686,2
3851,arriendo,671997.1428867416,1
3852,compra,255057517.01790968,1
3853,compra,397648910.7527454,3
3854,arriendo,248191.58697378635,1
3855,arriendo,527588.6458031604,1
3856,compra,163296219.5053697,4
3857,compra,225048445.0702003,3
3858,arriendo,690845.7730091864,1
3859,compra,349643483.05720466,2
3860,arriendo,692887.5713886647,1
3861,arriendo,263266.4469034284,1
3862,arriendo,594487.5522981039,1
3863,compra,198967587.37296915,2
3864,arriendo,635125.2872775544,2
3865,arriendo,705271.1275329675,2
3866,compra,176128633.71036354,3
3867,compra,178985235.12838537,3
3868,arriendo,548049.824050988,1
3869,compra,-81804829.740812,4
3870,arriendo,1187623.3763452456,1
3871,compra,542420214.4336162,1
3872,arriendo,158289.9626647326,1
3873,arriendo,1064495.8148492384,1
3874,arriendo,-85975.80442186142,1
3875,compra,290259212.6644497,3
3876,arriendo,418212.00201253145,1
3877,arriendo,92099.5617464789,1
3878,compra,-25891506.631338924,2
3879,compra,147303760.2271613,2
3880,compra,189319093.47299823,3
3881,compra,334148625.4680557,2
3882,arriendo,758317.6742031173,1
3883,arriendo,382867.1700207116,4
3884,compra,122157692.29598756,1
3885,arriendo,651269.7048279583,2
3886,arriendo,1038836.4104185833,2
3887,compra,164171566.26831564,2
3888,arriendo,775615.0342804582,2
3889,compra,498152471.07003194,2
3890,arriendo,206389.5476911628,2
3891,compra,115425759.05141519,3
3892,arriendo,931549.7486726472,3
3893,arriendo,417145.037733319,2
3894,arriendo,269360.73694382986,1
3895,arriendo,561068.2485752634,2
3896,arriendo,420274.42086849036,2
3897,compra,70101364.00373992,1
3898,compra,95663900.53378652,1
3899,compra,338933542.782852,2
3900,arriendo,243254.3024551408,5
3901,compra,484467684.26808506,1
3902,compra,386314460.455225,2
3903,arriendo,719981.9910796862,2
3904,arriendo,453386.50141622405,2
3905,arriendo,585195.8076550906,1
3906,arriendo,463736.3887278121,1
3907,compra,188317935.68999994,1
3908,compra,165366963.05620676,2
3909,arriendo,271935.493969562,1
3910,compra,268073042.43414217,2
3911,arriendo,466036.3464706071,1
3912,compra,-65003508.400135994,2
3913,compra,334897958.11119914,1
3914,compra,175392497.644742,2
3915,arriendo,705028.9075414109,1
3916,compra,153671313.65129238,3
3917,arriendo,559755.3970363784,1
3918,compra,171959849.1358983,3
3919,compra,128593681.23126957,3
3920,compra,202363883.06450257,2
3921,arriendo,912369.4600977174,1
3922,compra,275274405.9969061,1
3923,arriendo,378282.86624385556,2
3924,arriendo,1023628.4539571448,3
3925,compra,268432045.66858578,3
3926,compra,136552178.8377654,0
3927,compra,343114198.2229364,1
3928,compra,59278792.03977224,1
3929,compra,360251178.62801003,2
3930,compra,227847720.73484725,4
3931,compra,212713046.134834,3
3932,arriendo,47169.82858201838,3
3933,arriendo,242034.12364540162,1
3934,arriendo,739405.8877816121,2
3935,compra,216909046.99457455,2
3936,arriendo,390487.2519178388,2
3937,arriendo,-8513.757372660795,2
3938,compra,381462810.81104517,2
3939,compra,389772486.1550451,2
3940,compra,422368853.3191719,1
3941,compra,83560873.64045703,3
3942,arriendo,397571.00220661634,1
3943,arriendo,703288.3797801642,3
3944,arriendo,609571.0948257936,1
3945,arriendo,1033344.8763290546,1
3946,arriendo,760495.5378144849,1
3947,arriendo,689150.4601703883,1
3948,compra,2301512.5217036605,1
3949,arriendo,203285.55926022737,2
3950,compra,146125752.21453652,1
3951,arriendo,482890.25574178697,1
3952,arriendo,173921.96997865185,1
3953,compra,297642600.16346097,2
3954,compra,-48128269.91443798,1
3955,compra,365986570.2118305,2
3956,compra,151328755.77271056,2
3957,compra,126005287.9947912,2
3958,compra,216486700.57025173,2
3959,compra,132495568.65328334,3
3960,arriendo,899926.5686768419,2
3961,arriendo,381434.8927502764,2
3962,compra,188076628.38347933,1
3963,compra,240822430.07559335,3
3964,arriendo,537779.9594411181,2
3965,arriendo,716495.2031423538,2
3966,compra,404910174.4223376,2
3967,compra,-15378799.766666144,2
3968,compra,102717045.9408183,4
3969,arriendo,585019.3551628507,2
3970,arriendo,862141.1658769316,2
3971,compra,225005514.812982,0
3972,compra,166508119.3601094,2
3973,compra,156703812.50769293,2
3974,compra,-112042371.76817077,0
3975,compra,372570804.45017874,2
3976,compra,140384207.72075027,3
3977,compra,282826397.69736487,2
3978,compra,178588333.03657472,2
3979,compra,455629580.761661,2
3980,compra,386266953.9786584,4
3981,arriendo,309617.7038753269,1
3982,arriendo,971467.4192786773,1
3983,arriendo,297936.875916431,1
3984,compra,420621070.92869234,3
3985,arriendo,893697.206816433,3
3986,arriendo,590627.7779084161,1
3987,arriendo,377769.45823730214,1
3988,compra,56618523.49469283,3
3989,arriendo,728902.9548473123,1
3990,arriendo,592374.6361459814,1
3991,arriendo,1114306.555984755,2
3992,compra,201803557.2081323,2
3993,arriendo,446941.58152184874,2
3994,compra,189366920.1535617,1
3995,compra,33738303.61673924,2
3996,compra,256699103.0285498,2
3997,compra,270376533.4625211,2
3998,arriendo,786247.3643966457,1
3999,arriendo,350305.4931108438,1
