id,phone
2092,56997253240
2643,56983955754
5253,56989713008
2259,56986602710
3342,56993969125
3104,56972247532
2292,56996472441
5774,56991756261
5224,56977589873
2937,56984175559
2239,56970118884
5825,56976728809
2737,56997073593
5645,56977779212
3274,56988509555
3599,56991297165
5305,56987664347
2327,56986342118
3070,56982403915
5710,56998420611
3764,56980675268
5800,56970893699
3762,56992768114
5328,56979827883
3584,56986784074
2856,56994823027
5600,56995488216
3524,56992020350
2304,56988007607
3185,56981935542
5126,56995020460
3654,56984699302
3556,56994437378
2470,56973108890
2759,56985156751
5637,56970332539
5551,56990480737
2695,56980762443
3773,56998445046
3570,56987275448
3671,56994817881
2712,56999610780
2650,56976878834
2675,56980863472
5505,56985916797
5079,56989842011
2942,56981451049
2110,56992750295
3646,56974096008
2918,56977262868
3084,56994965028
2940,56985385202
3858,56995606660
2869,56999318385
5867,56971705561
3912,56988838847
2278,56976242355
2240,56987904377
5235,56976478451
3557,56998879136
5958,56972575421
2156,56976756055
2432,56980991102
3348,56983103676
2580,56971707984
2647,56983135518
3143,56988005557
3467,56972994084
2786,56983655771
5624,56985730534
3262,56970228106
5767,56970146707
3224,56973103478
5926,56991651230
2700,56982568623
3205,56970506603
3961,56986737895
3972,56997897224
5283,56980902849
3109,56994475633
2357,56989497988
5575,56983012033
2893,56981577471
3230,56985260990
3814,56992805976
5801,56989276534
2509,56976919034
2224,56986190538
3802,56970493415
3664,56999755779
5252,56975977613
2649,56992628727
2265,56982583800
5731,56994107687
5187,56974874764
3623,56988225746
5807,56970554127
2444,56971284743
3052,56988713966
5457,56982192777
2689,56991014761
2483,56995893607
3670,56983513705
5844,56997315858
5088,56986632364
5900,56988911514
3482,56986473295
5810,56979464706
2028,56995249151
3233,56993129402
2827,56989755840
5022,56989092945
2413,56991211692
5681,56982128963
5555,56998385323
3887,56993735712
5073,56995694926
2158,56975080418
2614,56971966145
3632,56987936111
2308,56990336409
2101,56976258804
5705,56974943705
2293,56975889603
5601,56986575480
5243,56970901944
2719,56998510336
2448,56981005632
5805,56988331443
3085,56988636074
5662,56987339138
2545,56983682346
5797,56975844773
2755,56977078906
5668,56983290638
3286,56994680874
3064,56983946973
3796,56983586911
2057,56977492112
3734,56998454052
2851,56979004657
2487,56992761089
5799,56987149739
2392,56990751975
2841,56985363239
5760,56975021580
2521,56997132009
5781,56984850616
5266,56998738779
2388,56975693474
3047,56998504509
5320,56989744040
5641,56994655504
2399,56982896134
2935,56999585628
5465,56980382042
5222,56974715497
3430,56974047859
5654,56995515735
3805,56992744663
2664,56990713444
5198,56977612126
3189,56985160470
3562,56978246039
2436,56972858480
5712,56995558354
5180,56984089471
2550,56974727103
2015,56983880714
2391,56991968907
3516,56979934500
3073,56975886452
5913,56973469891
3299,56996111261
2961,56990112723
2008,56980309892
3551,56987646558
2016,56974643305
5309,56971224864
3560,56985715136
3187,56980794970
5489,56981567403
2492,56996979964
2421,56992036782
3546,56983604551
5572,56970098583
2382,56987460140
5294,56982700902
3301,56970200897
3618,56998102429
3694,56995670356
3309,56993332849
3380,56989513068
3289,56977499109
5208,56976061689
2941,56978155973
2100,56992811349
3617,56989598248
5168,56996415657
5617,56988172024
5485,56980011934
5256,56982157313
3216,56971778822
2441,56991989939
3142,56994519480
5667,56987846824
5819,56998919516
3494,56981441237
5383,56982346173
3650,56980667496
3568,56993334565
2641,56970696206
5263,56991365536
3512,56987831231
5518,56978948743
5248,56985864365
3980,56996898340
3396,56981814014
3435,56976845975
2460,56971651641
2733,56981986234
3678,56974508237
3300,56994485292
5117,56996483681
2478,56982916780
5878,56986667703
2339,56983233461
3893,56979071240
3444,56974419339
2498,56977076426
3808,56974955835
2952,56985980079
5391,56998627040
3536,56988498561
3529,56978830314
3819,56995622891
3565,56975818744
5351,56980711925
2691,56991543238
2053,56994460124
3030,56983208072
2425,56995029008
2806,56984649981
2163,56974472095
5295,56973576435
3558,56971421403
3440,56982253343
2946,56977667914
2901,56980176662
2038,56993591108
3042,56986536444
3471,56986551189
3945,56974142981
5461,56999110519
5469,56996243125
2891,56971021986
2090,56988781997
5346,56981776700
3870,56970284069
5426,56975969818
2330,56992038447
5604,56980010489
5539,56981175071
2007,56974981428
5692,56976451630
3626,56973566319
5363,56971004068
5157,56977373419
2951,56984380509
2279,56997444387
5684,56990245867
2405,56983183773
5277,56979900338
5525,56993381365
5744,56983964929
5733,56970065634
2688,56972424968
2595,56989031858
3268,56974161730
5487,56978991401
2514,56973507227
2063,56981117700
2321,56996698906
2634,56994650578
3439,56981991658
5843,56984602132
3789,56982187115
5623,56978540364
2280,56977567075
5806,56974422089
2018,56984138075
5393,56972898335
3311,56972971575
3649,56994104906
5401,56981153854
3533,56973510544
3950,56988649173
3209,56988671175
5534,56983128251
5704,56977108405
2377,56978292145
2337,56990923176
5507,56992179842
2106,56978491756
3290,56984317777
3007,56996155097
2469,56984392408
2287,56980124365
3669,56979663224
3257,56981392165
5838,56976853616
2714,56980583128
2710,56991931594
3728,56983577350
3995,56997318857
2898,56978810681
5707,56973467715
5186,56993759864
5885,56989060967
5598,56984274778
2331,56977868540
5853,56977481428
3171,56978019070
5605,56997271114
3813,56982343608
3399,56983414813
5128,56987364976
5403,56978338234
2270,56980776044
5647,56988703279
5765,56989847106
5661,56994256133
3130,56994200683
3591,56974716787
3128,56997389279
2800,56992056523
2490,56981252055
3658,56981946820
3098,56994565738
2218,56978155075
3549,56995057546
3087,56992991253
3771,56986085816
5321,56977884140
3726,56983079981
5772,56998806138
5552,56984589825
2597,56996222944
3004,56977647109
5777,56988934680
3129,56981863806
3050,56999130900
5960,56987976962
2690,56996858138
3374,56979941497
3994,56975036395
5928,56976693443
5751,56987438470
2750,56978381899
3323,56976787036
3915,56991176470
5817,56979266978
3526,56990122519
3513,56992152882
3192,56981370552
2369,56981210148
5788,56997195898
2611,56980946677
3753,56974143658
3744,56985322681
5038,56987458896
5091,56999712754
3918,56997169231
2716,56995763731
5595,56983811070
5164,56983166470
3417,56970909066
3078,56987477363
5444,56999452350
3902,56990570504
2519,56975196477
2619,56999204696
3838,56978180010
2169,56972244218
2636,56970041454
5753,56994854663
2197,56995223484
2395,56982331437
3856,56991721115
3251,56970515903
5745,56973993596
2347,56986105324
2212,56985493824
5784,56983014306
3528,56978355329
2988,56987934940
3211,56975564721
2796,56983257311
5549,56985268540
3815,56991306519
5747,56982155809
5364,56999598008
2086,56989010746
3880,56976649890
2401,56973184050
3298,56974418959
3049,56971782064
5429,56978620161
3821,56976668843
3121,56991798731
5869,56999724082
2133,56972317101
2058,56984975649
3941,56997388696
2255,56973427281
5162,56992372694
2348,56985563061
2551,56990007489
3010,56993494906
2384,56998783963
3962,56978352316
5296,56990392669
3959,56983694137
3188,56971601952
5078,56994999525
2846,56977852240
2048,56977616520
3878,56997839864
5404,56975530322
2307,56975512478
2476,56989736373
2145,56972336263
2651,56978546821
5836,56974242245
2620,56999586302
2776,56998004517
3881,56983755077
3200,56991759217
2838,56983519330
3940,56979052177
3061,56987721930
2965,56973981551
5344,56974808506
5486,56979996614
3204,56999809275
5140,56996513045
5779,56982119333
5245,56976042267
5861,56976075790
2757,56991325255
3141,56982223565
5360,56989542367
2559,56974478994
3099,56983295836
3793,56970595742
5239,56983617873
5606,56975469387
3161,56972198410
2081,56994738707
2547,56975146228
5067,56995865769
3480,56971987174
3182,56971835520
2885,56987200587
5622,56978130695
2402,56992241497
2696,56996219472
3903,56993094585
2079,56980746049
5122,56987439024
3345,56978830992
3695,56997001633
3405,56978732360
5411,56994244538
5503,56995241132
5267,56997664157
3841,56972553829
3923,56990484735
5711,56986922763
5715,56984088579
5943,56993605038
3939,56975040105
5055,56992627747
5652,56978834177
2730,56977721449
2976,56972923989
3296,56993695021
3385,56984394828
5793,56998278942
5007,56999614277
3715,56997371237
5410,56979965781
2740,56987970511
5591,56988683020
2886,56998836041
3606,56972135348
3651,56986828647
3282,56974837291
2466,56973578809
3134,56982413492
5578,56980681388
3969,56979887183
2985,56993275280
3195,56974963228
3355,56974707036
3264,56983524657
3926,56986194960
3691,56972086524
2142,56974263518
5225,56990929544
2077,56992372496
2066,56997318910
2600,56984352554
2010,56998446023
3369,56977720342
2009,56970260081
3162,56996003774
5285,56978566279
3979,56991027204
2565,56999867897
2419,56997406216
3124,56995806503
3799,56984344443
2266,56972603202
2267,56988039250
2119,56984276859
3250,56970476060
5566,56974784495
2412,56986928039
5722,56990698656
5407,56990722754
2748,56990722365
2030,56984359464
2296,56989520783
5615,56995444093
5191,56981050237
5008,56971388466
2322,56996153939
5631,56971921229
3418,56999095591
5462,56995298309
3159,56980763716
3020,56994298487
2346,56997761217
2672,56980320888
2523,56995625473
3292,56984903382
5316,56977612208
2873,56997565224
3683,56996159772
2089,56972778998
3341,56998566995
3897,56981747703
3984,56982683195
5664,56997464655
2970,56972738793
5358,56979734390
3202,56992388466
3144,56992488452
3510,56981492695
3895,56970109822
5286,56998213684
5612,56979269523
5329,56996069884
3525,56970801457
3798,56995903233
5216,56979594110
2752,56975256561
5417,56987411442
3680,56991538423
3267,56970063087
2579,56987016510
3008,56978522792
5246,56992499177
2671,56981160917
2692,56971960846
3338,56996778033
3280,56992794703
3352,56977244355
2539,56973626516
2828,56998476438
2485,56991446632
3686,56980332791
5214,56982705520
2967,56978930181
3424,56996619984
5553,56997752806
3790,56980707569
2275,56991132496
3675,56993523327
2052,56988737390
3391,56977913464
5389,56982439820
5203,56987477757
2362,56978956787
5112,56995989816
3614,56970022620
5431,56984717517
5399,56976541402
3468,56984863712
3598,56974033037
2626,56973932884
2587,56986970072
3561,56996297598
5262,56983676633
3603,56993990791
5200,56988250034
2228,56985025778
3329,56970377093
5099,56985071831
3823,56984178712
3861,56993085578
3093,56990513518
3123,56983895483
5335,56987705658
2025,56989601467
3921,56991292753
2630,56975966257
3295,56972963530
3455,56985366500
5904,56999633993
2599,56981203600
3531,56979163868
5014,56982409729
2186,56973397796
5483,56980172215
2670,56990525587
5003,56990270164
5153,56980545678
3357,56999497835
2632,56997779487
2109,56989229648
3036,56998847953
5545,56978035264
5093,56989265942
5016,56981638483
3297,56997471646
5952,56974524836
3218,56987391349
3483,56971715872
5922,56985839663
5846,56985770493
3322,56980920755
3021,56970259406
2585,56984482313
5447,56994631726
2680,56993448649
3026,56991788872
5048,56989955887
3349,56983368176
3364,56975922049
5473,56992556214
5782,56970777803
5492,56999428330
5532,56982780222
2771,56997889776
3473,56973126475
2760,56988847153
2372,56971141476
2658,56985651460
3605,56999815473
2041,56997877198
3077,56992423817
2148,56973144453
2845,56989567239
3891,56980714215
2024,56993051474
3103,56972213778
3263,56980980427
2411,56984596710
5860,56992552443
3066,56997943284
2917,56974926974
2061,56982431841
2994,56972753252
5001,56979467942
3759,56982163677
5310,56976348740
5341,56997400547
3758,56978677011
3219,56986669606
3012,56989901824
5109,56979161380
3911,56980964433
3848,56993044173
5025,56976293234
5993,56971848726
2594,56973041415
5104,56988732577
2536,56971917085
2196,56989042643
2410,56989754258
2433,56978964975
5057,56976873966
5350,56995813812
2236,56970024109
2235,56989078402
5746,56982141001
3150,56971381946
3186,56982149830
3259,56988737623
5945,56996540044
2489,56973919020
2450,56982067431
2151,56988238606
2141,56975166112
3246,56989847850
3080,56973759079
2754,56973654258
5961,56980782357
5053,56993560320
3288,56980554184
5856,56975821231
2934,56983647598
2589,56984258927
3667,56976700684
2248,56977847855
3714,56994638018
2742,56974118596
2887,56986262517
5484,56987617757
5215,56977431990
2617,56979263910
5418,56991332547
5755,56984979255
2000,56983600616
2003,56995456074
5152,56985304385
3573,56980577962
5151,56995064630
3885,56995540637
2047,56992312106
2645,56998405838
2788,56983120179
2014,56973994365
5783,56977851876
5666,56987971003
5081,56980986669
3967,56982863403
3314,56997629740
3083,56994646995
5674,56984745492
2033,56980718060
5694,56985737894
5497,56972473310
3740,56975829655
3491,56980286950
2215,56988733288
5132,56982710669
3999,56977247822
5749,56979629293
3645,56994816707
5584,56999117323
2878,56971226491
3621,56976479598
2295,56998656534
2957,56979200449
3401,56996408178
3749,56988306274
5634,56998395579
5906,56999209064
2593,56985959731
5334,56992241000
5796,56974084738
3502,56995928638
2371,56989173054
5298,56973533955
5987,56988558111
5434,56996505191
5069,56977493214
2069,56999916189
3261,56974797709
2746,56984258930
2666,56992643983
3146,56987572117
5735,56989833499
2406,56980652682
3178,56999213597
5146,56974939067
2172,56983110126
2221,56970129211
3836,56978331569
2355,56992268010
5537,56973788905
5594,56972766606
3236,56999227572
5997,56975942883
3642,56992372902
3952,56993986361
5223,56997055345
3631,56981135947
2908,56995716798
3985,56978614083
5881,56972537843
3535,56983317433
5590,56994220990
5301,56983918365
2427,56976532895
5470,56974554012
2829,56976088799
3518,56973780318
5757,56980163011
3723,56986215148
2813,56999515711
2723,56995657172
3151,56986687835
3853,56997389670
3585,56988442821
5446,56970167392
3446,56976543384
2556,56980299394
3492,56976807840
3372,56989633807
5037,56989004552
2379,56994815057
2426,56988322347
2459,56974499473
2555,56990556086
5970,56987367535
5837,56993688851
3082,56971282797
2922,56993077880
5848,56986731491
2233,56991103103
5240,56979350134
5764,56985313356
3629,56975462039
2540,56982031021
3275,56972006059
3721,56987292327
3167,56985357792
5506,56996250475
3720,56983875168
2263,56989805068
3640,56989521642
3304,56976464834
3490,56978610624
5618,56972305035
5232,56997093893
2225,56992287012
2424,56999218606
3863,56982504321
5670,56983965498
3783,56970392122
3534,56997462660
3431,56989919787
2135,56990243213
5738,56983320155
2683,56971102435
2765,56998479979
3504,56985059083
5823,56989575370
2861,56997335386
5678,56974141426
2414,56997398089
2434,56978704783
2831,56994103036
2780,56972445591
3320,56989852880
5895,56974534127
3990,56982747627
3910,56991398310
2073,56977197217
5870,56982282515
3968,56991488375
3054,56990651714
3278,56974521453
3784,56982202814
3729,56995341953
3201,56975721426
2238,56986870901
3415,56995201877
2785,56999137373
3679,56991073771
3555,56977385499
3256,56978862649
2123,56990859435
5580,56988930493
3055,56982282132
5696,56979906542
3294,56991182443
5289,56991035990
2907,56971402481
3920,56987300323
2350,56984371287
3198,56984156699
2560,56995923739
3108,56979917383
2209,56984638782
2859,56994339475
3636,56988692650
2880,56995289961
3045,56971969101
3312,56984727283
3032,56973011356
5713,56971797126
5820,56972109543
5098,56999230541
2076,56973457057
3619,56982852206
2394,56980165612
5062,56982697529
5998,56993136461
3865,56978920698
5994,56978658236
2627,56986223094
5459,56997319983
3700,56981880597
3993,56978957346
3122,56973815550
3601,56979508178
3849,56989572054
2524,56975349564
2668,56996887851
3382,56994894667
3460,56985398392
3566,56974961169
3115,56970319575
5798,56986615854
5550,56985425314
2062,56998984922
5730,56978853334
3326,56990659107
2629,56992160886
2249,56984528180
3339,56974823516
3207,56970581497
5400,56972004108
2584,56988392241
5868,56994157502
5137,56994628167
2724,56999075956
5882,56991420159
2894,56997191005
5409,56997118373
5147,56973911732
5723,56983004900
2999,56977197041
5677,56993939967
3733,56995614572
5327,56977571403
2912,56993740938
3548,56979336491
5517,56992359930
5456,56999159438
2772,56972788443
5371,56970565239
2334,56976098653
3137,56995967784
3332,56993404945
5936,56971756579
5809,56982295573
3176,56987066789
3438,56980474850
3413,56976315862
3521,56974372211
2623,56989191180
5832,56971041666
2241,56993684562
2317,56997418575
3919,56997181136
5512,56988611774
5082,56997266244
2992,56981505494
5671,56976849256
5914,56970094178
3597,56980372565
2286,56998773031
2430,56991724931
3044,56982717403
2208,56979011501
2583,56986881800
3090,56983189266
2947,56985235786
2541,56990081435
2253,56988684630
5957,56996514901
5863,56991083887
3113,56981706399
5130,56972220190
3255,56990074052
3354,56981539961
5884,56986164529
2596,56972201793
3673,56982413318
5385,56995036383
3221,56988970903
3060,56996783852
3674,56993995284
2814,56995243940
2720,56990111272
2378,56985236266
5220,56996145985
3111,56987470214
3835,56985952197
2071,56979563180
3307,56982507015
3855,56993918265
5789,56970637712
5178,56975763589
2927,56982602753
3394,56973197982
2903,56994625041
3610,56993542185
5759,56993653425
3272,56995460125
5558,56973308064
5496,56995438386
2078,56978055292
5565,56976129242
2888,56996993051
5841,56977797486
3563,56997160516
2525,56977350040
2340,56993782318
3376,56983509669
3977,56990624207
5051,56978292475
2715,56970350207
3701,56971544279
3005,56989873199
2152,56972234328
3624,56970146533
3253,56974883360
3964,56977148437
5567,56999002853
5947,56988605479
3850,56996166107
5999,56975740768
5891,56996750165
5143,56985177440
3287,56975672959
5522,56988634586
2320,56985864130
3909,56985036240
5432,56973051339
3365,56979958137
5101,56978784728
2171,56989346725
2116,56973532266
5842,56973943869
2516,56993573543
5221,56997694768
2390,56973331130
2416,56986535985
5076,56971707622
5750,56999448644
5488,56991786522
3660,56994205274
2693,56993517380
2648,56999715855
3818,56976771568
2839,56983373147
5585,56986913895
5720,56970377269
3780,56983413408
3423,56976809503
3935,56990025099
2155,56990077204
5382,56974344029
5451,56972949983
5167,56986568003
2204,56974066075
2855,56995420544
2681,56992065895
5916,56982107462
5544,56996839406
2298,56977447228
2067,56975461257
2920,56977773087
3745,56991067762
3317,56971451947
5934,56993549587
2160,56987628258
5356,56974566146
2404,56974340387
3828,56974474021
3898,56993716391
3248,56991877137
2449,56997121365
2969,56989771530
3696,56978267099
2161,56999068152
3743,56978347292
2793,56984338538
2309,56986857618
5968,56991190531
3786,56993059344
5125,56980216200
3478,56994621610
2849,56987829844
2398,56972440193
5683,56994340963
3448,56975672686
2631,56980304754
5950,56973780209
5717,56989294363
5514,56984504417
3732,56979972395
5276,56994033754
3756,56973104567
3163,56976227070
5890,56991863094
2774,56975067479
2687,56975763626
2767,56991491285
3434,56985138351
3465,56978176653
3373,56993531336
3637,56971496702
2568,56982910512
5910,56971887693
2652,56991131835
5979,56994965404
3046,56974518427
2381,56998432096
2718,56980339485
5311,56992274246
3076,56989824703
5899,56992471437
2778,56988272019
2125,56994620800
3410,56996322162
2440,56995268824
3056,56994774302
2881,56973294388
3336,56985491517
3319,56984866967
3041,56970027310
5124,56984027270
5172,56990694727
5953,56998584589
3768,56997807107
5977,56986557656
5390,56993303582
5268,56994056247
3543,56974453509
5381,56985002932
2375,56998109056
2575,56983233185
2654,56975076604
5935,56994338129
2857,56996372463
5938,56994830592
2297,56971374994
3003,56993240648
3028,56975895279
2242,56995228310
2323,56992430002
5756,56972416385
2446,56998856636
3269,56977122677
2031,56972073617
3169,56974032260
2980,56989160420
5931,56992677552
2727,56996184637
5769,56984869256
5021,56989200286
5643,56993119077
2289,56972112398
5770,56987235572
2049,56991546391
2520,56977960457
2075,56978489622
3343,56978133965
5394,56991180028
5453,56990279028
2558,56996496083
2914,56979193678
5471,56984060836
3788,56972713933
5094,56998714339
2882,56980364892
2962,56991017772
2143,56991841706
2909,56971704105
2273,56972892239
2361,56994585442
5479,56974365669
3864,56996827215
2911,56986924535
2065,56998614170
5611,56993254465
3613,56997378471
3867,56975020382
2055,56999458679
2711,56982094984
5845,56979585002
3609,56973614070
5307,56994200595
3569,56977105552
2231,56980313760
2854,56971066856
3592,56994698630
5540,56991992831
3277,56971796177
2443,56991095916
3024,56995925857
5811,56984100129
3587,56985939740
3234,56978442188
2678,56982035087
5195,56970644803
5596,56997521112
5213,56980430247
3775,56991824618
2210,56993112700
2850,56991308403
5991,56992960725
3847,56982677555
5111,56970670606
5424,56972737812
5500,56997921784
3976,56982320171
5244,56993867289
3607,56981546752
2017,56988962106
5100,56996557900
5559,56992127628
2906,56987334661
5762,56993022582
3456,56988311864
5937,56981978109
2167,56987978841
5543,56998967807
5039,56985478447
5330,56995104484
5464,56982577530
5282,56971860482
3194,56983772554
5791,56996714659
3830,56970659524
3247,56994985716
5698,56985942930
3437,56981419543
5635,56971755457
5120,56988418954
3006,56998977000
3508,56996380963
5281,56984094173
5478,56997250326
5040,56978703769
2745,56990427751
5973,56977104789
3978,56976596423
5159,56993614070
2138,56991268065
3225,56971931952
5504,56975155209
2300,56972617274
2810,56979189318
2601,56988755405
5438,56978937323
2360,56998780355
5170,56991881537
3157,56995225412
5714,56996003223
2214,56976474246
3951,56988883343
3168,56987676239
3487,56984266189
5089,56987376802
5901,56986882068
5524,56995962568
2836,56973049983
5050,56971320008
3879,56985924535
2606,56982306575
2274,56999619366
2105,56994952886
5921,56972809691
3316,56975745405
3135,56982168747
5955,56996264221
3386,56971386838
3692,56997519345
2284,56994429426
5302,56977207994
5192,56989168547
5189,56995136479
3252,56998060050
3177,56970947855
5278,56993330234
2002,56976144147
5373,56981190142
3816,56989311906
2677,56978557770
5443,56998076261
2674,56978083712
3991,56972859243
5000,56999495047
3791,56972098400
5467,56982676164
2928,56988459792
5238,56975895569
3370,56975883431
5033,56999625513
2303,56970632543
5695,56996773386
3668,56978550817
3800,56979486515
5633,56993052724
3013,56977003750
5570,56982337091
5114,56979428190
2314,56995488241
2251,56980600229
5655,56990595607
5319,56990944992
3493,56988166516
3206,56983438235
2162,56973681477
2464,56985205769
3687,56982565805
2472,56987213440
3033,56996225186
5006,56980546885
5703,56984019003
2761,56970930946
5010,56988442627
3353,56985336006
5687,56979700995
2943,56999800654
3453,56998458762
2435,56990967457
3442,56986696548
3360,56974979540
5271,56988036232
5975,56978712675
5691,56975059256
2343,56984728374
2562,56971571392
3328,56980863769
2735,56990757726
5188,56976362769
2050,56986197905
5919,56971461880
2149,56999569262
5369,56976942781
3449,56988403999
3826,56987551617
3685,56989302274
5930,56981590049
3190,56971142247
5287,56972003649
3866,56998064798
5433,56999455430
2635,56999034048
5402,56991737840
2121,56991189085
2217,56973850051
5304,56998303009
5874,56979870381
5219,56976030784
5627,56997559382
2973,56996788836
2553,56976271563
5150,56980766939
5249,56975093164
3644,56994710538
3712,56997437884
3158,56990984056
5005,56997399241
2170,56985204884
2834,56973824845
2865,56981401672
3988,56990519721
3704,56977444537
5340,56999898360
2990,56993153292
2480,56981283350
3936,56992221122
5372,56976025884
2223,56971948438
2283,56996843221
3397,56992938492
2386,56982145753
5379,56984835892
2365,56999222200
5183,56999683648
2383,56998278460
5230,56979802988
2515,56983762080
3693,56993549234
2815,56989066967
5207,56980375348
2146,56982785694
3238,56985040077
2659,56992779771
2352,56984329398
3132,56989541826
5064,56978525525
5065,56997708356
2194,56986604312
3023,56992170319
3659,56999964472
2665,56991251571
2964,56987452235
5194,56994731771
5851,56981216928
3074,56977251730
2576,56984983437
2747,56975412271
3147,56990432704
3479,56975889039
5564,56981140503
5421,56986741582
3884,56999158846
3315,56991251352
2567,56972384880
3477,56977470557
5833,56982616316
2512,56988228768
5149,56988778532
2154,56974306348
3387,56979049620
5763,56992089376
5808,56978248456
5361,56982788531
3197,56976377365
2363,56991426113
2900,56983895934
3966,56990071008
2732,56999316246
5463,56978918014
2802,56993679745
3324,56978118066
3308,56996067848
5392,56992228202
2602,56972984472
2503,56998989414
3873,56991223842
2097,56989873720
2862,56991055760
5920,56994271260
3550,56994194645
3390,56975653117
2012,56978392798
2315,56999026756
5511,56996302193
5206,56982776537
5455,56970127337
3586,56994519329
3229,56993636307
5862,56971520435
5802,56974408816
3741,56996058248
3845,56985850559
2526,56983651373
3363,56988883208
3948,56989868579
5883,56975322283
3937,56996729712
2134,56972504731
3232,56990488208
2823,56974159448
2373,56978577905
3817,56977663900
5673,56988723405
2830,56977942923
5859,56996011122
2564,56989522222
3520,56975689518
3575,56986463960
2291,56986818705
3872,56986614560
5017,56984175546
2438,56980114755
3514,56981614948
2301,56995769743
2809,56975248573
2505,56998727921
3501,56983002624
3383,56994751278
2930,56970479540
2281,56978491802
5386,56986471325
3498,56972714426
3210,56977609737
2592,56978361470
2428,56981826360
5602,56986780163
2613,56981833673
5452,56996818247
5376,56991864037
5280,56999525377
2762,56975046675
5388,56977737376
3955,56972832534
5339,56973891606
2504,56986064102
2456,56982503068
2518,56989636801
2074,56988738216
2889,56972001393
3807,56986515921
3708,56981482644
2364,56972100537
5028,56983962980
2451,56978277723
5658,56994738095
2439,56979183252
2005,56987492348
2552,56988255129
2187,56988396971
2409,56974394280
2892,56973603905
3208,56989231879
3507,56992239693
5632,56980660596
5440,56987486006
3736,56979633123
5499,56986063465
2989,56999819612
2376,56974248020
2633,56974899301
5982,56994094503
2423,56997680830
5202,56981234532
3120,56970150950
5066,56974450129
2429,56973476031
2268,56998197902
3949,56970226204
2102,56993846656
5573,56989788963
3852,56993284774
5980,56978351331
5638,56990701280
2027,56990699341
5425,56999877863
5121,56998682882
3797,56989900062
5083,56982503299
3276,56990615103
2021,56988790225
3899,56970557653
3989,56993759364
5821,56975951025
3589,56977772578
5250,56971535158
3862,56971636835
3174,56978162007
3579,56976071126
2026,56980334971
2721,56986777172
2578,56996102837
5211,56997134012
5771,56998862025
3689,56984983939
5709,56974858697
3641,56992334916
2974,56989635243
5680,56992192757
3914,56979584577
3844,56993520621
5742,56995899755
3228,56981018150
2591,56995490122
3447,56997098613
2447,56985259933
3824,56998678265
3419,56987321034
5685,56978481833
5071,56977999900
3717,56980040711
5648,56991665571
2211,56986855483
2191,56975634980
3089,56998711757
5646,56976718653
2544,56993855650
5966,56990433811
3271,56981915853
2655,56990123509
2798,56997277974
5314,56982656064
5508,56971628863
5047,56983173869
5939,56982269392
5468,56993430988
3436,56983802855
3305,56994546605
3048,56977513408
2415,56989062716
2023,56986465577
5701,56973549151
2639,56986696652
2844,56996081526
5748,56991568575
2790,56994397338
2863,56989913812
3358,56977071272
5989,56970960951
3627,56982651041
3927,56990750764
5990,56970343921
5665,56984862461
5915,56991494603
5097,56974299789
5963,56971935144
2083,56998756912
2205,56995280425
5123,56979762345
3411,56997460372
3718,56986307698
2029,56981352268
2586,56975816680
5579,56975454266
5574,56985822385
3429,56981798558
3245,56974481340
2001,56989765170
3279,56989532839
2453,56983551637
5582,56978356839
2182,56978776801
5839,56981550412
5475,56976334316
3505,56974307519
3760,56991389909
5454,56988223910
2682,56983714747
5234,56985768744
5959,56991232331
3260,56971312392
2328,56978411779
5563,56977644237
2245,56974622699
3767,56970296744
5866,56991805531
2250,56990955847
3633,56975890673
3840,56980681880
2991,56989455878
3772,56971936290
3337,56980921446
5650,56992658678
3213,56970832961
2389,56975609116
3581,56974163522
3217,56974448899
2982,56988121454
2656,56990172853
5196,56984010986
2335,56990639439
3025,56986951001
5366,56976119594
2256,56973402266
3987,56991800575
3932,56977402747
2506,56975738229
5060,56988250204
2667,56974893345
3857,56996982499
5269,56974462668
5888,56982196283
3934,56987235930
2193,56998059288
3072,56994467423
5812,56979668861
2497,56997771981
2072,56983137997
2495,56973643912
2868,56970859661
5108,56971910050
2034,56998046367
3486,56986182061
5557,56970536706
2366,56977370669
2697,56980075897
2625,56982999412
3590,56978050866
5092,56971993206
5070,56979349948
3016,56996710185
3173,56971060906
5490,56978147505
5095,56981303731
3138,56986159794
5336,56971453102
2709,56991570230
2612,56987975683
2954,56977943830
3127,56999968606
2653,56978958751
2899,56981111296
2725,56981114008
5437,56976282770
5445,56993590347
3620,56972537187
3009,56999554325
2354,56990826053
2114,56991536846
2543,56991262898
2843,56997881788
2983,56984040565
2176,56979457399
5736,56991072281
3842,56983938871
5190,56997528018
3095,56983029319
2972,56973408899
5370,56984686881
2950,56974071902
3002,56988542686
3757,56979348733
5352,56997205569
3930,56994925496
3986,56978842945
3017,56993654056
5657,56975869800
5442,56973269049
2708,56997168856
3038,56981848217
5718,56979676937
2084,56977659497
3094,56975386282
2344,56990566771
3327,56982781427
5272,56987835453
3266,56990654672
2694,56999813642
3101,56985169043
3515,56971619294
5925,56986671698
5158,56997047049
5056,56974663556
3457,56996995868
5377,56976912736
5816,56994370484
5177,56999753030
2099,56989444493
2310,56979964551
2782,56981138574
3538,56974294954
3281,56978560515
5814,56989477758
5027,56978022905
5090,56978614168
5679,56990151887
5614,56981692207
3963,56990823415
3408,56978855117
5978,56973115929
3904,56984610483
3600,56983562665
2465,56985662788
5909,56985500344
3883,56979083612
5516,56983003353
3347,56999915690
2044,56986836084
3196,56977053432
3495,56977654177
3086,56982910697
2879,56980525794
5247,56990023653
5951,56972814498
5546,56997450755
5581,56972576348
3100,56992162239
5493,56992409077
2532,56975389815
5927,56972239021
5472,56974128639
3497,56999884127
3545,56981376716
5205,56993787007
3175,56997852175
2467,56978448663
3378,56991544785
5576,56988179429
3690,56984321749
3975,56971545476
2777,56998535764
5502,56978180481
2454,56970991816
5013,56979797886
2758,56997364875
2598,56996040907
2285,56983307781
3240,56987523220
3572,56988340080
5690,56991047494
2929,56977403293
2222,56986477830
3461,56982115452
2945,56977539170
2713,56980601319
5439,56997999426
2624,56978746470
3244,56998435936
2984,56971855407
2804,56980624001
2783,56972225367
3310,56997647278
5384,56992476050
3709,56989838396
5948,56984290628
5163,56978422860
2290,56984586017
2707,56981114752
5102,56976707941
2326,56970903035
3223,56996887733
5257,56983872579
2744,56997376475
2604,56982123500
5724,56978475836
2673,56997122132
2294,56974217750
2926,56996216066
5880,56992484326
3222,56978651686
3719,56993229317
2013,56979339228
5084,56994853336
2137,56988532701
5560,56998004616
2045,56990348774
3653,56979581183
3992,56985901430
2769,56973237369
2743,56978830460
3509,56992649493
3400,56997002668
5587,56975308052
5965,56979523275
5536,56991293459
2192,56983801775
3846,56995920320
5284,56975180577
5042,56992455161
5706,56990891181
2368,56970188759
2188,56988833420
2046,56986900142
2795,56976977953
5052,56971715135
2140,56977554939
2264,56994526402
5737,56997911997
5519,56992151212
3452,56989973659
3527,56978204995
5983,56979793978
2054,56975829990
5113,56981068892
5375,56994297669
5849,56978545032
2474,56991363098
2351,56996949163
5020,56995151598
3265,56987439011
5535,56982276127
3643,56980302292
3426,56983734061
5592,56990044318
5324,56978804342
3677,56971070636
2660,56974140889
5476,56984777896
5229,56995062645
3058,56980375492
5261,56993426813
3761,56970573434
3735,56981506661
2808,56984855063
5337,56972875892
3500,56989410174
5032,56997006790
3125,56973212406
2095,56989796851
2108,56979292090
5732,56999197026
2533,56995163292
3803,56975556228
2582,56982750037
5133,56977742355
5727,56988057766
3834,56979919454
5758,56997949533
2488,56984197506
5181,56988125980
5766,56990570633
3820,56981173969
2726,56972070288
5905,56987075024
3351,56975984857
2036,56995343558
2978,56970874362
3593,56978246506
5119,56997024842
3019,56989257886
5338,56975225115
2925,56976151637
5061,56999784600
2904,56976232076
5270,56975710119
2311,56983293038
3463,56976307688
2064,56974752457
3029,56999351700
3602,56989573598
2189,56981122669
3427,56973222630
3062,56994667819
3096,56975196593
5689,56988934068
3931,56994190787
2180,56986751371
3682,56979434502
5254,56970966788
5640,56990700957
2091,56996143873
3517,56980311589
5342,56970061620
2117,56975086607
5663,56972705144
5103,56977907349
2646,56989433626
2059,56974115650
5636,56987182360
3544,56976635457
3476,56984900256
2200,56982106240
2282,56987013913
5854,56997943539
3313,56985560814
5312,56983386540
5768,56989178710
5018,56989991393
2332,56995098937
5872,56970719245
3466,56975029543
5378,56975711767
3059,56998078748
2299,56993147901
5520,56979451183
3523,56997930805
3393,56977088693
3559,56993443846
5932,56999901113
3737,56972987070
5041,56998752220
5365,56979905593
5054,56985589828
3811,56972700695
3583,56982734256
5896,56981127214
3458,56982630119
3015,56989134487
2803,56974615342
3639,56970275572
3882,56988446420
5299,56980317418
3684,56983148556
2153,56979351542
3877,56986772904
2913,56979792585
2042,56977250130
5876,56982479334
3346,56988737241
2333,56970096479
5045,56998693663
5179,56999355719
5734,56979135962
2418,56984905065
3770,56986523222
5116,56995156021
5480,56996981981
2452,56987051446
2944,56999996690
2866,56975914121
5430,56979198558
5835,56989534023
5942,56981891557
2837,56974338645
3184,56988125840
3079,56977612366
3367,56970019061
5405,56992213413
2511,56991196052
3822,56991455041
2701,56999245585
5693,56984301804
3699,56975445816
2979,56989704899
3766,56979967568
3462,56986436288
5610,56990157831
5135,56999775006
5686,56983697933
5923,56980415244
5700,56989891531
3779,56977340035
3031,56974735476
5374,56983044518
5702,56988814645
5515,56998190561
2359,56994665459
2871,56985575957
5743,56986565124
3489,56994828476
2662,56989620324
3193,56998774485
2493,56999032200
2527,56981653657
5231,56979479319
3722,56998692118
3577,56981101116
2115,56997229633
2749,56970491521
5413,56987703458
3672,56972022087
2977,56977779712
3402,56979878753
2111,56993883444
2842,56996941048
3922,56992241925
2237,56998928740
3403,56999798251
5009,56981845251
2784,56988229377
2722,56971287867
2479,56991198220
2554,56987903059
2422,56978579723
3851,56975196231
3781,56989549429
5778,56973898739
3730,56975576197
2213,56976958406
3576,56990165217
2070,56988700808
5626,56986495127
2852,56974899835
2484,56972684974
3119,56984291720
5415,56996304047
2835,56976610098
2618,56976564141
2729,56987599623
3981,56982908789
3333,56974370122
5792,56974641656
2883,56997331541
3630,56999992528
3552,56973926353
2963,56986276567
3942,56994874195
3154,56986075598
3472,56999390259
2473,56988295147
2032,56971358293
2895,56985558626
3532,56994251725
2791,56979326533
2420,56991974077
2306,56994508485
2763,56978258266
5173,56988539992
3092,56978260652
5790,56973382507
5494,56974427960
2621,56993574116
3392,56970781135
2318,56990493419
5332,56977237325
5174,56987900353
2993,56976855044
2022,56986983239
2499,56986840663
5739,56975708019
5946,56991524917
2481,56983493545
5227,56974097396
3303,56989007629
3703,56973645214
5608,56976514953
3375,56971072812
3832,56973226609
2353,56995398881
5871,56973853992
2457,56999891297
2507,56991968474
3335,56985580931
2561,56992280103
3214,56979446661
2811,56972316596
3746,56999584315
5419,56995490421
5306,56989906163
2955,56981448389
5729,56982659486
2491,56979119760
5436,56993112149
5787,56970289945
5145,56979035741
3001,56974436656
3725,56975446377
5408,56983705809
3917,56976791927
3688,56985938820
5367,56999984994
2805,56989962001
2445,56983760311
2442,56993913896
3724,56971454785
3181,56990321847
5933,56970108902
2131,56980143960
5428,56988805949
2848,56984329698
2608,56978307152
3777,56987568741
3318,56979726877
5699,56972099713
3965,56981161749
5279,56988223625
5300,56996716084
2341,56996400392
5669,56992234547
5886,56983702789
5830,56999944441
2996,56975250358
2011,56989164965
2530,56993230605
5210,56999093829
2860,56976952796
5058,56994904009
2685,56978651974
2118,56970032084
3595,56970902598
3578,56976734405
2257,56992086798
5940,56985564491
5879,56996345844
2258,56985459611
5171,56980810155
3875,56997628014
2094,56981010192
3433,56978055318
3825,56972992974
2603,56975784215
3117,56973852188
3634,56989934147
2468,56991198754
5803,56992583088
5460,56990991610
5586,56976678536
3888,56990547848
5813,56980404061
2502,56994407465
3843,56974803424
3065,56985500028
2475,56984262991
3580,56982158633
3594,56979674942
2870,56986084740
5293,56974527258
2305,56990496514
2393,56982506857
2271,56985389528
3622,56971203972
5236,56973111895
2787,56986060704
5902,56988867444
5864,56978218249
5828,56992167786
3112,56984415826
5761,56992203897
2508,56992117914
3475,56999656789
3752,56989264136
2953,56988555293
2981,56974448660
5988,56994940672
5134,56972771136
2563,56972336570
5308,56987160790
3284,56977530087
5548,56992236904
5357,56987047421
2150,56973855266
5547,56984720185
5728,56986691107
2324,56984295234
2338,56986203547
5136,56982794787
3145,56988869329
2096,56984330379
5466,56981547960
2103,56988977219
5656,56985239433
2789,56985205637
3496,56990017741
3804,56989557271
2910,56977385234
2638,56994988884
2959,56987593517
3542,56979752802
3652,56977295033
2921,56994050061
5840,56992039956
5087,56989685019
3106,56998468229
5607,56988596317
5387,56994854856
3738,56983476530
5562,56982918166
2139,56978605347
5785,56971161523
5412,56971780783
2570,56985238625
3241,56982899381
2971,56996096377
3325,56989615877
5085,56997201284
3191,56996759649
2179,56972781210
3947,56972622877
2657,56987193124
2923,56979373401
3243,56997528411
2781,56995224125
2471,56971907761
3539,56988827160
3750,56977280950
5024,56970125093
3896,56992784223
3925,56975043761
5495,56996167803
5362,56999354381
5616,56976404807
2080,56988298528
3616,56985116662
3239,56985553647
3116,56981278473
5538,56984501826
2177,56982822214
2877,56980856777
3998,56977798646
5131,56992861596
2219,56974370919
3970,56970930624
5929,56983942717
5907,56993868355
3707,56991677161
3414,56993445067
5474,56972587062
2129,56970393694
5297,56997839507
3938,56995941708
3488,56977515675
5481,56975508604
2207,56984072986
3953,56992421958
2159,56995284872
2403,56982445385
2590,56986046537
2088,56995343741
3118,56976442673
5448,56977199067
5776,56976028623
5858,56972437055
2572,56990106700
5726,56977736976
2734,56993509934
5577,56985215958
5521,56980813464
5380,56975802831
3139,56984311322
2628,56981504384
2183,56974948221
3954,56991164651
2122,56981060888
5992,56993722434
3971,56994440485
2847,56996700711
2312,56985967635
5395,56978369075
3854,56992352150
2494,56972712420
2004,56974816812
3422,56992769400
5653,56970548700
3890,56984574297
3371,56983220618
3608,56979242017
5148,56984733663
5441,56979190761
5251,56973671544
5568,56997432116
2043,56993103597
3302,56990493775
3554,56990346350
5458,56994646898
2756,56970902117
3755,56977799175
5044,56993426236
2173,56986912342
5218,56976430937
3933,56978503959
5583,56972351108
2642,56971315518
3254,56972588885
2127,56974654703
5531,56981713885
2573,56981278890
3540,56990125206
3889,56984615082
3763,56976495857
5773,56984052753
2826,56995763691
2319,56970185180
5752,56974226819
3068,56997845118
2358,56980939419
2537,56990968263
2463,56978131181
2794,56994965566
2098,56974368834
3916,56989232498
2060,56979605409
2874,56981872763
3075,56995452309
3359,56995559427
2818,56996061026
3571,56999588555
5981,56975303374
2669,56970097017
5675,56994444599
3270,56993832723
5964,56992224735
2616,56988000239
3792,56997107666
3384,56989099617
2768,56995707916
2277,56974637142
2486,56997367627
2104,56989011450
5589,56974107748
3485,56974272858
2897,56974937481
5865,56993064493
2165,56978493569
5184,56987131404
3748,56984752398
2817,56970929728
5571,56984781045
3220,56970935655
3831,56977155800
3905,56980585330
5969,56979214993
3907,56995301506
3039,56997695426
2535,56983306361
3366,56970829448
2731,56994521007
3291,56980208623
3227,56988492543
3114,56991708563
3179,56991879567
2751,56970836453
2872,56998435683
5368,56979188288
3388,56987683965
3754,56985126877
5873,56974076740
2178,56988467928
2924,56973053873
2884,56977923261
5035,56986634547
2345,56999862010
3635,56981492404
3547,56983438950
2276,56979861867
2919,56988205466
5233,56981211502
5682,56977644401
5030,56980249573
5077,56978348957
5160,56999951613
5829,56986332154
3362,56990836130
2455,56979428109
3389,56976293789
5046,56998163125
3421,56977889480
5141,56997914762
5625,56991899927
2896,56997351582
5396,56995691343
5721,56993360231
5892,56978024870
2936,56994348470
3765,56985661900
3283,56972438260
3522,56988107735
2610,56985014757
3350,56983348139
3628,56987044734
3957,56987309416
5912,56996429474
2607,56981422902
5011,56988686635
5826,56975807676
2068,56993969034
5204,56984120610
5556,56978317094
5354,56974987804
3859,56992614952
5144,56971613391
2779,56978208643
5422,56991174184
2244,56993302883
3801,56972030631
5353,56999953147
5847,56978627289
2020,56992846272
3530,56995492776
3170,56970145640
2717,56972933716
2385,56973756656
5775,56986502689
5427,56983970256
5561,56988096381
2035,56991378910
5322,56970417580
3443,56981331738
5185,56990784381
2175,56978745216
3199,56993144062
2975,56971390570
2764,56985648397
5526,56975861769
3406,56989316931
5228,56976809671
5533,56983221631
3886,56991572604
2699,56975728323
2531,56985206733
2956,56990436073
2569,56982972316
3806,56980171754
2728,56994378050
5688,56989246379
2661,56987488782
5199,56996380616
2370,56983397978
3011,56986694790
5288,56978583199
2128,56977709198
2574,56981899758
3706,56980362515
3711,56981699598
3067,56973707674
5875,56990105618
3249,56983846803
3604,56981754655
5325,56982163875
3126,56970406815
2260,56994775766
2663,56981360560
2825,56997027003
2184,56977908083
2229,56981401275
2206,56995402101
3774,56994328558
3943,56977708745
2040,56982278619
3293,56990873938
3612,56992579380
2496,56986703528
2858,56978176256
3018,56989201963
5852,56998195027
2807,56991893654
2821,56975331391
3149,56998283404
3340,56971901538
5924,56991513650
3133,56989785768
2528,56986899212
2325,56996273596
5996,56983297347
2915,56986400927
2174,56991147863
3574,56991218681
2902,56997085379
2577,56973638606
3564,56997552173
2571,56975945992
2949,56981397322
2939,56987558918
2482,56980095802
3153,56983534648
5855,56980645170
2107,56994650050
5967,56990031299
2437,56974645764
2157,56995577855
2938,56975388194
5716,56991859686
2773,56987780356
3420,56995132279
5291,56991239627
5917,56990616237
5449,56993037673
5303,56990593671
2549,56996962982
3833,56999333748
2302,56994632030
3040,56985185000
2736,56999281290
5603,56997363692
2997,56974148245
5398,56996639574
3051,56982841346
5893,56973119137
5347,56992698555
2875,56993771107
2132,56984010319
3102,56980644452
2195,56987751190
3837,56990503772
3451,56981450400
3869,56990922697
5106,56977340422
2126,56985453368
5105,56981922393
5023,56980518060
5212,56991188061
5290,56998719196
2812,56984094201
3829,56987270926
3379,56977406748
2336,56993006858
3381,56977479495
5036,56996645141
5265,56987491645
2093,56996944410
2510,56998149784
5941,56986113210
3014,56992685641
5258,56993469756
3656,56989094482
2822,56988325972
5725,56998797204
5954,56994728575
5672,56982224480
3874,56996419166
3180,56993507834
2833,56996148247
5985,56994132095
3860,56980665324
2252,56976187856
5877,56978400328
5554,56999053314
2168,56981259928
5043,56981687007
2581,56994560142
3140,56972355146
3432,56990487710
3155,56974955444
3152,56986694401
3105,56988103186
2374,56990891005
3809,56987404977
5972,56985354524
2968,56970850719
3908,56999291294
5569,56974840314
3676,56973887650
2247,56979489583
3913,56979127469
3958,56978809418
5217,56987754571
3702,56971762167
3769,56985171392
3035,56990961431
5834,56992034326
3665,56989698332
2396,56977472708
5609,56990094997
2356,56986143243
3611,56970413777
2230,56992193362
2876,56976543306
2932,56999651654
3868,56978792556
5026,56990372956
2120,56975056950
5397,56970871684
3894,56995397761
5345,56986018146
5660,56979593960
2534,56987011390
5513,56990604567
5156,56971941375
3273,56989062490
2130,56972875854
3428,56988374301
2966,56994039393
5741,56987610283
5264,56991161374
2995,56985336962
2234,56990439258
5019,56990264901
5292,56996475242
3795,56987984429
3812,56979754130
3716,56998668183
5754,56994485184
5956,56980927838
2987,56991308869
2019,56979613897
2387,56992398840
5201,56976763884
2702,56978300267
5974,56981868961
5529,56997846110
5541,56996835060
2501,56983311909
2679,56977002429
5012,56988539389
2820,56993723682
5034,56986452234
3944,56993244525
3000,56994731528
5795,56985644917
2998,56985816686
5359,56991922972
3409,56977465095
5193,56975788396
5209,56977445967
5962,56985538354
5887,56994276147
3425,56970628114
2039,56971070328
5509,56980702100
3661,56992127970
5599,56981160125
5161,56988781380
5971,56977904470
5063,56999470753
3334,56976952645
5630,56996732890
2272,56990644836
5129,56985603812
3657,56980788599
3459,56992652437
2832,56974123008
2082,56973604493
3412,56970357158
5995,56975124510
2342,56988764223
3928,56972700557
3698,56984651799
3470,56979280906
5708,56973686348
5318,56980435455
2269,56994623729
5275,56975338742
5423,56991978426
2686,56978853151
2261,56984663895
2753,56986952127
5155,56990222961
2622,56988920640
2948,56975421932
5889,56971475300
5944,56973226577
2548,56974975305
3596,56995724116
2706,56985362155
5621,56971454798
5780,56977948814
3615,56992891300
3237,56997619550
2367,56977687747
5274,56993893332
5313,56985641507
5498,56980988998
3107,56987229824
2226,56983041725
5259,56970749338
3165,56989817162
3782,56998068196
2147,56989058307
3506,56974744016
5118,56986116944
2113,56997282453
5593,56985096059
2254,56995295513
5004,56997865668
3785,56971550342
2799,56985422393
3588,56978016590
3681,56970787188
3906,56986388461
2181,56997181266
2407,56980479874
5659,56993282050
5620,56999664032
3924,56986704298
3839,56981042373
5510,56997391772
2905,56983475170
3537,56994538787
5976,56986768594
5255,56971458863
2933,56980502310
5182,56993910600
5226,56973621025
5197,56982536639
5343,56980317767
2615,56995515843
3511,56982778546
5242,56977754570
3739,56997794521
3416,56993023978
2741,56993691181
2792,56978583211
2136,56972985248
5619,56993161478
5597,56996975735
2738,56975284784
3727,56981116364
3567,56984875292
2522,56993426266
3982,56999276790
3053,56988025641
5911,56993137839
2605,56997058222
3148,56970035872
5651,56981940431
3810,56981272872
3450,56987679397
2203,56993203751
5831,56990970679
5450,56971384436
3110,56977032268
3088,56983302939
5482,56990988108
5315,56997235838
3226,56985632679
3166,56980408942
3331,56989613184
5273,56983016716
2960,56970565812
3747,56976799794
3901,56979427971
3710,56989959606
2006,56985779981
5501,56975534818
3361,56974734856
5029,56987046412
3996,56983701307
3983,56988531434
2704,56982258393
3258,56984045172
5815,56989368405
3330,56978314270
2349,56990970043
2085,56971988788
2201,56972251673
3481,56984287225
2417,56981241028
3499,56972467505
3541,56994830235
5613,56970496102
2542,56980247396
2199,56983711329
3136,56989569924
2676,56980738554
3892,56986807680
3778,56982764145
5237,56984994346
3097,56972943844
5827,56977578371
2461,56982534202
5002,56974600995
3827,56981463141
3697,56974580036
5175,56988116622
3203,56991215476
5416,56999110023
3057,56996708277
5348,56993518091
5086,56970116162
5530,56999507750
5918,56985862718
3519,56994654625
5349,56994714157
3464,56986390657
2566,56978056786
2246,56976839946
2517,56979726267
5139,56996279698
5080,56993779363
5138,56971660826
3398,56992814251
3553,56995118798
5176,56995826506
5824,56998303735
5740,56977973828
2840,56974612737
5542,56987493483
2288,56973013974
5169,56995529039
3946,56977184257
5355,56989968545
3648,56996399982
2500,56993587631
5260,56972033557
2313,56974619539
3215,56978249611
5719,56998355866
2958,56979527894
2698,56975218961
5629,56980914155
2144,56996205849
2644,56992896161
5898,56997833139
2316,56984731024
2824,56997497460
3377,56982989794
2227,56992359660
2816,56972402375
2190,56986039376
2637,56993457684
5142,56987522312
2819,56978075162
5527,56972769109
2684,56970415216
5897,56993928158
5331,56984865965
3776,56971947664
2916,56987831089
5435,56977527305
3655,56990155610
3043,56996686449
5528,56999061927
5786,56991513110
3731,56991387502
2112,56972086794
2408,56977744473
2166,56978739540
5794,56973723057
3037,56989347328
5697,56994365665
3131,56994095271
2380,56977477092
5333,56989034314
2056,56981975931
3034,56972363918
3356,56971351614
2705,56992078263
5107,56984240590
2198,56985608062
5676,56970745267
2400,56986333362
5894,56977717977
3242,56992517454
3285,56988337126
2037,56989222978
3081,56985463513
5420,56983253811
3929,56981699715
3231,56996658805
5984,56983289933
2867,56983350669
5818,56986652468
2770,56991604088
3794,56985354914
5127,56990247272
5639,56978164320
3160,56970798985
3666,56974941910
3663,56974154616
2640,56982846234
2458,56971322426
3742,56986135120
2609,56971612110
2513,56975570053
5110,56977102016
3071,56974241277
5523,56971219939
2986,56998710883
5326,56994706267
3469,56970482301
3787,56988142327
5241,56973899084
3454,56971334543
3407,56997225373
2766,56976141566
5165,56995547633
2801,56988204859
3713,56970952306
5804,56979629930
2243,56995595877
2216,56978725638
3212,56974930488
5986,56979545211
5644,56984479147
2202,56970889030
2051,56997710209
3441,56993610151
2431,56994685698
3022,56997053012
5115,56970284381
2397,56999510387
3474,56979807403
3647,56983409310
3871,56980442399
2703,56987843592
5015,56970911594
3344,56991341711
5075,56986593028
5628,56992852321
3582,56997373656
5072,56996686972
2529,56974497188
2546,56999982273
2557,56982477457
5049,56986818056
3956,56983345117
2588,56985960998
3183,56988748809
3091,56985417960
2262,56970660304
3503,56970238320
5649,56988403748
5096,56985980906
3404,56977898033
3164,56975012875
2232,56970130478
2853,56988121623
3395,56987006306
2864,56973331854
3172,56977633420
3638,56987030554
5491,56982455719
3705,56995083558
5903,56975723008
2477,56984651466
2538,56994706888
2890,56986913000
5642,56999867686
3625,56986205175
5908,56980282711
2739,56980256520
3368,56990799646
3900,56998147638
3445,56993826823
5068,56990462961
5414,56991372719
5323,56988182934
2220,56995734985
2931,56988622205
3751,56985887202
3306,56987694964
3974,56989531789
3960,56971913647
3156,56980768687
2164,56997903085
3063,56973499527
5588,56978796137
2797,56995118341
3973,56982392239
3069,56973197894
3876,56984293438
5031,56983899915
5857,56997737790
5477,56986074711
2124,56990742290
3997,56991391821
3027,56979506183
3484,56992597825
5166,56991318524
3235,56986434045
2185,56972748641
2462,56989609941
5154,56973027851
5317,56988241276
3662,56973705429
2775,56971053893
3321,56975246889
5850,56985177006
5406,56978864071
5822,56996899643
2087,56988352535
5059,56990243365
5949,56989774465
2329,56993707101
5074,56998557859
